id	title	description	link	image_link	availability	price	brand	condition	identifier_exists	google_product_category	product_type
28625954	Angel Dew	Angel Dew by Biopharmacia. Daily Hygiene product available at Indian Skin Store, the dermatologist-run skincare pharmacy by Indian Skin®. Pack size: 100ML.	https://www.indianskinstore.com/product/angel-dew	https://indianskinco.github.io/iss-catalog-images/p/28625954.jpg	in_stock	769.00 INR	Biopharmacia	new	no	Health & Beauty > Personal Care > Cosmetics > Bath & Body	Baby Care > Daily Hygiene
18886275	Cetaphil Baby Lotion 400ml 400ml	Cetaphil Baby Lotion 400ml 400ml by Galderma India Pvt.Ltd.. Daily Hygiene product available at Indian Skin Store, the dermatologist-run skincare pharmacy by Indian Skin®. Pack size: 400ML.	https://www.indianskinstore.com/product/cetaphil-baby-lotion-400ml-400ml	https://indianskinco.github.io/iss-catalog-images/p/18886275.jpg	in_stock	950.00 INR	Galderma India Pvt.Ltd.	new	no	Health & Beauty > Personal Care > Cosmetics > Bath & Body	Baby Care > Daily Hygiene
19308768	Elfri Lot 1	Elfri Lot 1 by Torrent Pharmaceuticals Ltd.. Sun & Outdoor product available at Indian Skin Store, the dermatologist-run skincare pharmacy by Indian Skin®. Pack size: 0.	https://www.indianskinstore.com/product/elfri-lot-1	https://indianskinco.github.io/iss-catalog-images/p/19308768.jpg	in_stock	934.00 INR	Torrent Pharmaceuticals Ltd.	new	no	Health & Beauty > Personal Care > Cosmetics > Sun Care	Baby Care > Sun & Outdoor
22223828	Nmf-e Baby Moist Cream	Nmf-e Baby Moist Cream by Palsons Drugs Private Limited.. Daily Hygiene product available at Indian Skin Store, the dermatologist-run skincare pharmacy by Indian Skin®. Pack size: 50GM.	https://www.indianskinstore.com/product/nmf-e-baby-moist-cream	https://indianskinco.github.io/iss-catalog-images/p/22223828.jpg	in_stock	249.00 INR	Palsons Drugs Private Limited.	new	no	Health & Beauty > Personal Care > Cosmetics > Bath & Body	Baby Care > Daily Hygiene
19310708	Sanosan Baby Bath & Shamp 200ml	Sanosan Baby Bath & Shamp 200ml by Glowderma Labs Pvt Ltd. Daily Hygiene product available at Indian Skin Store, the dermatologist-run skincare pharmacy by Indian Skin®. Pack size: 0.	https://www.indianskinstore.com/product/sanosan-baby-bath-&-shamp-200ml	https://indianskinco.github.io/iss-catalog-images/p/19310708.jpg	in_stock	650.00 INR	Glowderma Labs Pvt Ltd	new	no	Health & Beauty > Personal Care > Cosmetics > Bath & Body	Baby Care > Daily Hygiene
20198892	Sanosan Baby Care Lotion 200ml	Sanosan Baby Care Lotion 200ml by Glowderma Ltd. Daily Hygiene product available at Indian Skin Store, the dermatologist-run skincare pharmacy by Indian Skin®. Pack size: 200ML.	https://www.indianskinstore.com/product/sanosan-baby-care--lotion-200ml	https://indianskinco.github.io/iss-catalog-images/p/20198892.jpg	in_stock	775.00 INR	Glowderma Ltd	new	no	Health & Beauty > Personal Care > Cosmetics > Bath & Body	Baby Care > Daily Hygiene
18872009	Tedibar Soap 75GM	Tedibar Soap 75GM by Torrent Pharmaceuticals Ltd.. Daily Hygiene product available at Indian Skin Store, the dermatologist-run skincare pharmacy by Indian Skin®. Pack size: 1*75GM.	https://www.indianskinstore.com/product/tedibar-soap-75gm	https://indianskinco.github.io/iss-catalog-images/p/18872009.jpg	in_stock	150.00 INR	Torrent Pharmaceuticals Ltd.	new	no	Health & Beauty > Personal Care > Cosmetics > Bath & Body	Baby Care > Daily Hygiene
19312671	Venusia Baby Loiton 300gm	Venusia Baby Loiton 300gm by Dr Reddy'S. Daily Hygiene product available at Indian Skin Store, the dermatologist-run skincare pharmacy by Indian Skin®. Pack size: 0.	https://www.indianskinstore.com/product/venusia-baby-loiton-300gm	https://indianskinco.github.io/iss-catalog-images/p/19312671.jpg	in_stock	801.00 INR	Dr Reddy'S	new	no	Health & Beauty > Personal Care > Cosmetics > Bath & Body	Baby Care > Daily Hygiene
19312690	Youngberry Lot 60ML	Youngberry Lot 60ML by Not Available. Sun & Outdoor product available at Indian Skin Store, the dermatologist-run skincare pharmacy by Indian Skin®. Pack size: 0.	https://www.indianskinstore.com/product/youngberry-lot-60ml	https://indianskinco.github.io/iss-catalog-images/p/19312690.jpg	in_stock	350.00 INR	Not Available	new	no	Health & Beauty > Personal Care > Cosmetics > Sun Care	Baby Care > Sun & Outdoor
28997300	Adrina Anti Scar Gel	Adrina Anti Scar Gel by Systopic Lab. P. Ltd.. Post-Procedure product available at Indian Skin Store, the dermatologist-run skincare pharmacy by Indian Skin®. Pack size: 0.	https://www.indianskinstore.com/product/adrina-anti-scar-gel	https://indianskinco.github.io/iss-catalog-images/p/28997300.jpg	in_stock	410.00 INR	Systopic Lab. P. Ltd.	new	no	Health & Beauty > Personal Care > Cosmetics > Skin Care	Bodycare > Post-Procedure
28909240	Aquaoat Moist.lotion	Aquaoat Moist.lotion by Emcutix Biopharmaceuticals Ltd. Body Care product available at Indian Skin Store, the dermatologist-run skincare pharmacy by Indian Skin®. Pack size: 1*100ml.	https://www.indianskinstore.com/product/aquaoat-moist.lotion	https://indianskinco.github.io/iss-catalog-images/p/28909240.jpg	in_stock	590.00 INR	Emcutix Biopharmaceuticals Ltd	new	no	Health & Beauty > Personal Care > Cosmetics > Skin Care	Bodycare > Body Care
22912060	Atoderm Cream Ultra	Atoderm Cream Ultra by Bioderma Laboratoire Dermatology. Body Care product available at Indian Skin Store, the dermatologist-run skincare pharmacy by Indian Skin®. Pack size: 1*200ML.	https://www.indianskinstore.com/product/atoderm-cream-ultra	https://indianskinco.github.io/iss-catalog-images/p/22912060.jpg	in_stock	799.00 INR	Bioderma Laboratoire Dermatology	new	no	Health & Beauty > Personal Care > Cosmetics > Skin Care	Bodycare > Body Care
28626771	Austa Skin Lightining	Austa Skin Lightining by Biogen. Body Care product available at Indian Skin Store, the dermatologist-run skincare pharmacy by Indian Skin®. Pack size: 45GM.	https://www.indianskinstore.com/product/austa-skin-lightining	https://indianskinco.github.io/iss-catalog-images/p/28626771.jpg	in_stock	570.00 INR	Biogen	new	no	Health & Beauty > Personal Care > Cosmetics > Skin Care	Bodycare > Body Care
28909263	Avexa Lotion 150ml	Avexa Lotion 150ml by Ajanta Pharma Ltd. Body Care product available at Indian Skin Store, the dermatologist-run skincare pharmacy by Indian Skin®. Pack size: 150ML.	https://www.indianskinstore.com/product/avexa-lotion-150ml	https://indianskinco.github.io/iss-catalog-images/p/28909263.jpg	in_stock	738.00 INR	Ajanta Pharma Ltd	new	no	Health & Beauty > Personal Care > Cosmetics > Skin Care	Bodycare > Body Care
19312082	Beuglow Soap 75GM	Beuglow Soap 75GM by Kube Pharmaceuticals Pvt. Ltd. Cleansing product available at Indian Skin Store, the dermatologist-run skincare pharmacy by Indian Skin®. Pack size: 75G.	https://www.indianskinstore.com/product/beuglow-soap-75gm	https://indianskinco.github.io/iss-catalog-images/p/19312082.jpg	in_stock	159.30 INR	Kube Pharmaceuticals Pvt. Ltd	new	no	Health & Beauty > Personal Care > Cosmetics > Skin Care > Face Wash	Bodycare > Cleansing
25779452	Bio Retinol	Bio Retinol by Fixderma Llc.. Body Care product available at Indian Skin Store, the dermatologist-run skincare pharmacy by Indian Skin®. Pack size: 200ML.	https://www.indianskinstore.com/product/bio-retinol	https://indianskinco.github.io/iss-catalog-images/p/25779452.jpg	in_stock	1250.00 INR	Fixderma Llc.	new	no	Health & Beauty > Personal Care > Cosmetics > Skin Care	Bodycare > Body Care
20606236	Biowhite Hk Lotion 100ml	Biowhite Hk Lotion 100ml by Asthetix Cosmeceuticals. Body Care product available at Indian Skin Store, the dermatologist-run skincare pharmacy by Indian Skin®. Pack size: 100ML.	https://www.indianskinstore.com/product/biowhite-hk-lotion-100ml	https://indianskinco.github.io/iss-catalog-images/p/20606236.jpg	in_stock	490.00 INR	Asthetix Cosmeceuticals	new	no	Health & Beauty > Personal Care > Cosmetics > Skin Care	Bodycare > Body Care
28619165	Calminox Anti Itch	Calminox Anti Itch by Percos. Body Care product available at Indian Skin Store, the dermatologist-run skincare pharmacy by Indian Skin®. Pack size: 100M.	https://www.indianskinstore.com/product/calminox-anti-itch	https://indianskinco.github.io/iss-catalog-images/p/28619165.jpg	in_stock	465.00 INR	Percos	new	no	Health & Beauty > Personal Care > Cosmetics > Skin Care	Bodycare > Body Care
19308694	Cica -care 1 S	Cica -care 1 S by Smith&Nephew. Post-Procedure product available at Indian Skin Store, the dermatologist-run skincare pharmacy by Indian Skin®. Pack size: 0.	https://www.indianskinstore.com/product/cica--care-1-s	https://indianskinco.github.io/iss-catalog-images/p/19308694.jpg	in_stock	3153.33 INR	Smith&Nephew	new	no	Health & Beauty > Personal Care > Cosmetics > Skin Care	Bodycare > Post-Procedure
27352893	Claricika Anti-scar Cream	Claricika Anti-scar Cream by Temple Wellness Ventures Pvt Ltd. Post-Procedure product available at Indian Skin Store, the dermatologist-run skincare pharmacy by Indian Skin®. Pack size: 30GM.	https://www.indianskinstore.com/product/claricika-anti-scar-cream	https://indianskinco.github.io/iss-catalog-images/p/27352893.jpg	in_stock	1750.00 INR	Temple Wellness Ventures Pvt Ltd	new	no	Health & Beauty > Personal Care > Cosmetics > Skin Care	Bodycare > Post-Procedure
28757406	Clotipar Dusting Powder	Clotipar Dusting Powder by Skinthetics. Body Care product available at Indian Skin Store, the dermatologist-run skincare pharmacy by Indian Skin®. Pack size: 100GM.	https://www.indianskinstore.com/product/clotipar-dusting-powder	https://indianskinco.github.io/iss-catalog-images/p/28757406.jpg	in_stock	111.00 INR	Skinthetics	new	no	Health & Beauty > Personal Care > Cosmetics > Skin Care	Bodycare > Body Care
28606998	Cohans Soap	Cohans Soap by Vnw Pharmaceuticals Pvt Ltd. Cleansing product available at Indian Skin Store, the dermatologist-run skincare pharmacy by Indian Skin®. Pack size: 75 GM.	https://www.indianskinstore.com/product/cohans-soap	https://indianskinco.github.io/iss-catalog-images/p/28606998.jpg	in_stock	125.00 INR	Vnw Pharmaceuticals Pvt Ltd	new	no	Health & Beauty > Personal Care > Cosmetics > Skin Care > Face Wash	Bodycare > Cleansing
29087280	Cosmelite Next	Cosmelite Next by Eris Oaknet. Body Care product available at Indian Skin Store, the dermatologist-run skincare pharmacy by Indian Skin®. Pack size: 50 ML.	https://www.indianskinstore.com/product/cosmelite-next	https://indianskinco.github.io/iss-catalog-images/p/29087280.jpg	in_stock	868.50 INR	Eris Oaknet	new	no	Health & Beauty > Personal Care > Cosmetics > Skin Care	Bodycare > Body Care
29041993	Cuti Eraise	Cuti Eraise by Eraise Glad. Body Care product available at Indian Skin Store, the dermatologist-run skincare pharmacy by Indian Skin®. Pack size: 100GM.	https://www.indianskinstore.com/product/cuti-eraise	https://indianskinco.github.io/iss-catalog-images/p/29041993.jpg	in_stock	186.00 INR	Eraise Glad	new	no	Health & Beauty > Personal Care > Cosmetics > Skin Care	Bodycare > Body Care
19308716	Cutihyde Cream 20G	Cutihyde Cream 20G by Resilient Cosmeceuticals Pvt Ltd. Body Care product available at Indian Skin Store, the dermatologist-run skincare pharmacy by Indian Skin®. Pack size: 0.	https://www.indianskinstore.com/product/cutihyde-cream-20g	https://indianskinco.github.io/iss-catalog-images/p/19308716.jpg	in_stock	153.60 INR	Resilient Cosmeceuticals Pvt Ltd	new	no	Health & Beauty > Personal Care > Cosmetics > Skin Care	Bodycare > Body Care
18875967	Cutilite Cream 20GM	Cutilite Cream 20GM by Glowderma. Body Care product available at Indian Skin Store, the dermatologist-run skincare pharmacy by Indian Skin®. Pack size: 1*20GM.	https://www.indianskinstore.com/product/cutilite-cream-20gm	https://indianskinco.github.io/iss-catalog-images/p/18875967.jpg	in_stock	231.56 INR	Glowderma	new	no	Health & Beauty > Personal Care > Cosmetics > Skin Care	Bodycare > Body Care
19308735	Dermadew Lite Soap 75 Gm	Dermadew Lite Soap 75 Gm by H&H Pharma. Cleansing product available at Indian Skin Store, the dermatologist-run skincare pharmacy by Indian Skin®. Pack size: 0.	https://www.indianskinstore.com/product/dermadew-lite-soap-75-gm	https://indianskinco.github.io/iss-catalog-images/p/19308735.jpg	in_stock	220.00 INR	H&H Pharma	new	no	Health & Beauty > Personal Care > Cosmetics > Skin Care > Face Wash	Bodycare > Cleansing
18888115	Dewsoft Soap 75G	Dewsoft Soap 75G by Torrent Pharmaceuticals Ltd.. Cleansing product available at Indian Skin Store, the dermatologist-run skincare pharmacy by Indian Skin®. Pack size: 75G.	https://www.indianskinstore.com/product/dewsoft-soap-75g	https://indianskinco.github.io/iss-catalog-images/p/18888115.jpg	in_stock	291.50 INR	Torrent Pharmaceuticals Ltd.	new	no	Health & Beauty > Personal Care > Cosmetics > Skin Care > Face Wash	Bodycare > Cleansing
28887460	Drez-v Gel	Drez-v Gel by Stedman Pharma Pvt Ltd.. Body Care product available at Indian Skin Store, the dermatologist-run skincare pharmacy by Indian Skin®. Pack size: 1*30GM.	https://www.indianskinstore.com/product/drez-v-gel	https://indianskinco.github.io/iss-catalog-images/p/28887460.jpg	in_stock	215.50 INR	Stedman Pharma Pvt Ltd.	new	no	Health & Beauty > Personal Care > Cosmetics > Skin Care	Bodycare > Body Care
19308761	Duvitin Soap 75GM	Duvitin Soap 75GM by Ceuticoz. Cleansing product available at Indian Skin Store, the dermatologist-run skincare pharmacy by Indian Skin®. Pack size: 0.	https://www.indianskinstore.com/product/duvitin-soap-75gm	https://indianskinco.github.io/iss-catalog-images/p/19308761.jpg	in_stock	102.00 INR	Ceuticoz	new	no	Health & Beauty > Personal Care > Cosmetics > Skin Care > Face Wash	Bodycare > Cleansing
18857784	Elastoderm Cream	Elastoderm Cream by Apple Thaerapeutics Pvt.. Post-Procedure product available at Indian Skin Store, the dermatologist-run skincare pharmacy by Indian Skin®. Pack size: 50GM.	https://www.indianskinstore.com/product/elastoderm-cream	https://indianskinco.github.io/iss-catalog-images/p/18857784.jpg	in_stock	561.00 INR	Apple Thaerapeutics Pvt.	new	no	Health & Beauty > Personal Care > Cosmetics > Skin Care	Bodycare > Post-Procedure
28888468	Emodel AD01	Emodel AD01 by Intas Pharmaceuticals L. Body Care product available at Indian Skin Store, the dermatologist-run skincare pharmacy by Indian Skin®. Pack size: 300ML.	https://www.indianskinstore.com/product/emodel-ad01	https://indianskinco.github.io/iss-catalog-images/p/28888468.jpg	in_stock	999.00 INR	Intas Pharmaceuticals L	new	no	Health & Beauty > Personal Care > Cosmetics > Skin Care	Bodycare > Body Care
28888473	Emodel AD24	Emodel AD24 by Intas Pharmaceuticals L. Cleansing product available at Indian Skin Store, the dermatologist-run skincare pharmacy by Indian Skin®. Pack size: 5ML.	https://www.indianskinstore.com/product/emodel-ad24	https://indianskinco.github.io/iss-catalog-images/p/28888473.jpg	in_stock	1299.00 INR	Intas Pharmaceuticals L	new	no	Health & Beauty > Personal Care > Cosmetics > Skin Care > Face Wash	Bodycare > Cleansing
19308963	Endospore Soap 75GM	Endospore Soap 75GM by Rivan Pharmaceuticals Pvt Ltd. Cleansing product available at Indian Skin Store, the dermatologist-run skincare pharmacy by Indian Skin®. Pack size: 0.	https://www.indianskinstore.com/product/endospore-soap-75gm	https://indianskinco.github.io/iss-catalog-images/p/19308963.jpg	in_stock	155.00 INR	Rivan Pharmaceuticals Pvt Ltd	new	no	Health & Beauty > Personal Care > Cosmetics > Skin Care > Face Wash	Bodycare > Cleansing
28997296	Epiguard Cream	Epiguard Cream by Herbario Cosmetics Pvt. Body Care product available at Indian Skin Store, the dermatologist-run skincare pharmacy by Indian Skin®. Pack size: 100GM.	https://www.indianskinstore.com/product/epiguard-cream	https://indianskinco.github.io/iss-catalog-images/p/28997296.jpg	in_stock	265.00 INR	Herbario Cosmetics Pvt	new	no	Health & Beauty > Personal Care > Cosmetics > Skin Care	Bodycare > Body Care
24342475	Epiguard-hx Body	Epiguard-hx Body by Herbario Cosmetics Pvt. Body Care product available at Indian Skin Store, the dermatologist-run skincare pharmacy by Indian Skin®. Pack size: 500M.	https://www.indianskinstore.com/product/epiguard-hx-body	https://indianskinco.github.io/iss-catalog-images/p/24342475.jpg	in_stock	450.00 INR	Herbario Cosmetics Pvt	new	no	Health & Beauty > Personal Care > Cosmetics > Skin Care	Bodycare > Body Care
20334211	Epilight Intense Lotion	Epilight Intense Lotion by Epi Dermizz. Body Care product available at Indian Skin Store, the dermatologist-run skincare pharmacy by Indian Skin®. Pack size: 100ML.	https://www.indianskinstore.com/product/epilight-intense-lotion	https://indianskinco.github.io/iss-catalog-images/p/20334211.jpg	in_stock	1299.00 INR	Epi Dermizz	new	no	Health & Beauty > Personal Care > Cosmetics > Skin Care	Bodycare > Body Care
22223827	Femderm Antistrect Oil	Femderm Antistrect Oil by Palsons Drugs & Chemical Industries. Post-Procedure product available at Indian Skin Store, the dermatologist-run skincare pharmacy by Indian Skin®. Pack size: 100ML.	https://www.indianskinstore.com/product/femderm-antistrect-oil	https://indianskinco.github.io/iss-catalog-images/p/22223827.jpg	in_stock	399.00 INR	Palsons Drugs & Chemical Industries	new	no	Health & Beauty > Personal Care > Cosmetics > Skin Care	Bodycare > Post-Procedure
19309006	Forfora Z Shampoo 75ML	Forfora Z Shampoo 75ML by Encore Healthcare Pvt Ltd. Cleansing product available at Indian Skin Store, the dermatologist-run skincare pharmacy by Indian Skin®. Pack size: 75ML.	https://www.indianskinstore.com/product/forfora-z-shampoo-75ml	https://indianskinco.github.io/iss-catalog-images/p/19309006.jpg	in_stock	270.94 INR	Encore Healthcare Pvt Ltd	new	no	Health & Beauty > Personal Care > Cosmetics > Skin Care > Face Wash	Bodycare > Cleansing
23794943	Happyheel Cream	Happyheel Cream by Micro Labs Limited.. Body Care product available at Indian Skin Store, the dermatologist-run skincare pharmacy by Indian Skin®. Pack size: 50GM.	https://www.indianskinstore.com/product/happyheel-cream	https://indianskinco.github.io/iss-catalog-images/p/23794943.jpg	in_stock	450.00 INR	Micro Labs Limited.	new	no	Health & Beauty > Personal Care > Cosmetics > Skin Care	Bodycare > Body Care
19309628	Hqn-detan Body Lot 150ml	Hqn-detan Body Lot 150ml by Nidus Pharma Pvt Ltd. Body Care product available at Indian Skin Store, the dermatologist-run skincare pharmacy by Indian Skin®. Pack size: 0.	https://www.indianskinstore.com/product/hqn-detan-body-lot-150ml	https://indianskinco.github.io/iss-catalog-images/p/19309628.jpg	in_stock	398.00 INR	Nidus Pharma Pvt Ltd	new	no	Health & Beauty > Personal Care > Cosmetics > Skin Care	Bodycare > Body Care
23931334	Hydrofil Cream 200gm	Hydrofil Cream 200gm by Ethicare Remedies. Body Care product available at Indian Skin Store, the dermatologist-run skincare pharmacy by Indian Skin®. Pack size: 200GM.	https://www.indianskinstore.com/product/hydrofil-cream-200gm	https://indianskinco.github.io/iss-catalog-images/p/23931334.jpg	in_stock	210.00 INR	Ethicare Remedies	new	no	Health & Beauty > Personal Care > Cosmetics > Skin Care	Bodycare > Body Care
18840883	Hydrofil Lotion 100ml	Hydrofil Lotion 100ml by Ethicare Remedies. Body Care product available at Indian Skin Store, the dermatologist-run skincare pharmacy by Indian Skin®. Pack size: 1*100ML.	https://www.indianskinstore.com/product/hydrofil-lotion-100ml	https://indianskinco.github.io/iss-catalog-images/p/18840883.jpg	in_stock	190.00 INR	Ethicare Remedies	new	no	Health & Beauty > Personal Care > Cosmetics > Skin Care	Bodycare > Body Care
24204676	Hydromax-ct Cream	Hydromax-ct Cream by Ubik Solutions Pvt. Ltd. Body Care product available at Indian Skin Store, the dermatologist-run skincare pharmacy by Indian Skin®. Pack size: 100GM.	https://www.indianskinstore.com/product/hydromax-ct-cream	https://indianskinco.github.io/iss-catalog-images/p/24204676.jpg	in_stock	315.00 INR	Ubik Solutions Pvt. Ltd	new	no	Health & Beauty > Personal Care > Cosmetics > Skin Care	Bodycare > Body Care
19312325	Hydronic Ultra Soap 100gm	Hydronic Ultra Soap 100gm by Regaliz Medicare Limited. Cleansing product available at Indian Skin Store, the dermatologist-run skincare pharmacy by Indian Skin®. Pack size: 0.	https://www.indianskinstore.com/product/hydronic-ultra-soap-100gm	https://indianskinco.github.io/iss-catalog-images/p/19312325.jpg	in_stock	199.00 INR	Regaliz Medicare Limited	new	no	Health & Beauty > Personal Care > Cosmetics > Skin Care > Face Wash	Bodycare > Cleansing
19309659	Itch Insta Spray 60ML	Itch Insta Spray 60ML by Rely On Pharmaceutical Pvt Ltd.. Body Care product available at Indian Skin Store, the dermatologist-run skincare pharmacy by Indian Skin®. Pack size: 0.	https://www.indianskinstore.com/product/itch-insta-spray-60ml	https://indianskinco.github.io/iss-catalog-images/p/19309659.jpg	in_stock	305.00 INR	Rely On Pharmaceutical Pvt Ltd.	new	no	Health & Beauty > Personal Care > Cosmetics > Skin Care	Bodycare > Body Care
23185240	Ken Cream	Ken Cream by Revluk. Body Care product available at Indian Skin Store, the dermatologist-run skincare pharmacy by Indian Skin®. Pack size: 50GM.	https://www.indianskinstore.com/product/ken-cream	https://indianskinco.github.io/iss-catalog-images/p/23185240.jpg	in_stock	390.00 INR	Revluk	new	no	Health & Beauty > Personal Care > Cosmetics > Skin Care	Bodycare > Body Care
29000480	Keraglo Ad Bodywash	Keraglo Ad Bodywash by Ipca Laboratories Ltd.,. Cleansing product available at Indian Skin Store, the dermatologist-run skincare pharmacy by Indian Skin®. Pack size: 0.	https://www.indianskinstore.com/product/keraglo-ad-bodywash	https://indianskinco.github.io/iss-catalog-images/p/29000480.jpg	in_stock	438.00 INR	Ipca Laboratories Ltd.,	new	no	Health & Beauty > Personal Care > Cosmetics > Skin Care > Face Wash	Bodycare > Cleansing
19309679	Kitnor Max Soap 75G	Kitnor Max Soap 75G by Lyra Laboratories Pvt Ltd. Cleansing product available at Indian Skin Store, the dermatologist-run skincare pharmacy by Indian Skin®. Pack size: 0.	https://www.indianskinstore.com/product/kitnor-max-soap-75g	https://indianskinco.github.io/iss-catalog-images/p/19309679.jpg	in_stock	111.00 INR	Lyra Laboratories Pvt Ltd	new	no	Health & Beauty > Personal Care > Cosmetics > Skin Care > Face Wash	Bodycare > Cleansing
28770430	Kzop Body Wash	Kzop Body Wash by Oziel Pharma. Cleansing product available at Indian Skin Store, the dermatologist-run skincare pharmacy by Indian Skin®. Pack size: 100ML.	https://www.indianskinstore.com/product/kzop-body-wash	https://indianskinco.github.io/iss-catalog-images/p/28770430.jpg	in_stock	295.00 INR	Oziel Pharma	new	no	Health & Beauty > Personal Care > Cosmetics > Skin Care > Face Wash	Bodycare > Cleansing
29011215	Liquet-ultra Gel	Liquet-ultra Gel by Canixa Life Sciences Pvt Ltd. Post-Procedure product available at Indian Skin Store, the dermatologist-run skincare pharmacy by Indian Skin®. Pack size: 15GM.	https://www.indianskinstore.com/product/liquet-ultra-gel	https://indianskinco.github.io/iss-catalog-images/p/29011215.jpg	in_stock	690.00 INR	Canixa Life Sciences Pvt Ltd	new	no	Health & Beauty > Personal Care > Cosmetics > Skin Care	Bodycare > Post-Procedure
28893565	Luvea Body Lotion	Luvea Body Lotion by Epiderme Laboratories Pvt Ltd. Body Care product available at Indian Skin Store, the dermatologist-run skincare pharmacy by Indian Skin®. Pack size: 75ML.	https://www.indianskinstore.com/product/luvea-body-lotion	https://indianskinco.github.io/iss-catalog-images/p/28893565.jpg	in_stock	699.00 INR	Epiderme Laboratories Pvt Ltd	new	no	Health & Beauty > Personal Care > Cosmetics > Skin Care	Bodycare > Body Care
19651859	Lycalamine	Lycalamine by Lyra Laboratories Pvt Ltd. Body Care product available at Indian Skin Store, the dermatologist-run skincare pharmacy by Indian Skin®. Pack size: 100ML.	https://www.indianskinstore.com/product/lycalamine	https://indianskinco.github.io/iss-catalog-images/p/19651859.jpg	in_stock	107.00 INR	Lyra Laboratories Pvt Ltd	new	no	Health & Beauty > Personal Care > Cosmetics > Skin Care	Bodycare > Body Care
28861124	Maxrich Cream	Maxrich Cream by Sun Pharmaceuticals Ltd. Body Care product available at Indian Skin Store, the dermatologist-run skincare pharmacy by Indian Skin®. Pack size: 150GM.	https://www.indianskinstore.com/product/maxrich-cream	https://indianskinco.github.io/iss-catalog-images/p/28861124.jpg	in_stock	552.00 INR	Sun Pharmaceuticals Ltd	new	no	Health & Beauty > Personal Care > Cosmetics > Skin Care	Bodycare > Body Care
28882805	Maxrich-p Cream	Maxrich-p Cream by Sun Pharmaceuticals Ltd. Body Care product available at Indian Skin Store, the dermatologist-run skincare pharmacy by Indian Skin®. Pack size: 150GM.	https://www.indianskinstore.com/product/maxrich-p-cream	https://indianskinco.github.io/iss-catalog-images/p/28882805.jpg	in_stock	525.00 INR	Sun Pharmaceuticals Ltd	new	no	Health & Beauty > Personal Care > Cosmetics > Skin Care	Bodycare > Body Care
18893270	Megaheal Gel 50G 1*50g	Megaheal Gel 50G 1*50g by Aristo Pharmaceuticals Pvt Ltd. Post-Procedure product available at Indian Skin Store, the dermatologist-run skincare pharmacy by Indian Skin®. Pack size: 1*50G.	https://www.indianskinstore.com/product/megaheal-gel-50g-1*50g	https://indianskinco.github.io/iss-catalog-images/p/18893270.jpg	in_stock	135.93 INR	Aristo Pharmaceuticals Pvt Ltd	new	no	Health & Beauty > Personal Care > Cosmetics > Skin Care	Bodycare > Post-Procedure
22912058	Melaglow Prime Lotion	Melaglow Prime Lotion by Abbott Healthcare Pvt. Ltd.. Body Care product available at Indian Skin Store, the dermatologist-run skincare pharmacy by Indian Skin®. Pack size: 50GM.	https://www.indianskinstore.com/product/melaglow-prime-lotion	https://indianskinco.github.io/iss-catalog-images/p/22912058.jpg	in_stock	768.00 INR	Abbott Healthcare Pvt. Ltd.	new	no	Health & Beauty > Personal Care > Cosmetics > Skin Care	Bodycare > Body Care
19310121	Moduseb Soap 75GM	Moduseb Soap 75GM by Ceuticoz. Cleansing product available at Indian Skin Store, the dermatologist-run skincare pharmacy by Indian Skin®. Pack size: 0.	https://www.indianskinstore.com/product/moduseb-soap-75gm	https://indianskinco.github.io/iss-catalog-images/p/19310121.jpg	in_stock	120.00 INR	Ceuticoz	new	no	Health & Beauty > Personal Care > Cosmetics > Skin Care > Face Wash	Bodycare > Cleansing
18893562	Moisturex Syndet Bathing Bar 75GM	Moisturex Syndet Bathing Bar 75GM by Sun Pharmaceutical Pvt Ltd. Cleansing product available at Indian Skin Store, the dermatologist-run skincare pharmacy by Indian Skin®. Pack size: 75GM.	https://www.indianskinstore.com/product/moisturex-syndet-bathing-bar-75gm	https://indianskinco.github.io/iss-catalog-images/p/18893562.jpg	in_stock	202.00 INR	Sun Pharmaceutical Pvt Ltd	new	no	Health & Beauty > Personal Care > Cosmetics > Skin Care > Face Wash	Bodycare > Cleansing
18893563	Moisturex Wash 200ml	Moisturex Wash 200ml by Sun Pharmaceutical Pvt Ltd. Cleansing product available at Indian Skin Store, the dermatologist-run skincare pharmacy by Indian Skin®. Pack size: 200ML.	https://www.indianskinstore.com/product/moisturex-wash-200ml	https://indianskinco.github.io/iss-catalog-images/p/18893563.jpg	in_stock	601.00 INR	Sun Pharmaceutical Pvt Ltd	new	no	Health & Beauty > Personal Care > Cosmetics > Skin Care > Face Wash	Bodycare > Cleansing
24342128	Oryza Cera Max	Oryza Cera Max by Alembic Pharmaceuticals Ltd. Body Care product available at Indian Skin Store, the dermatologist-run skincare pharmacy by Indian Skin®. Pack size: 250ML.	https://www.indianskinstore.com/product/oryza-cera-max	https://indianskinco.github.io/iss-catalog-images/p/24342128.jpg	in_stock	825.00 INR	Alembic Pharmaceuticals Ltd	new	no	Health & Beauty > Personal Care > Cosmetics > Skin Care	Bodycare > Body Care
27421409	Pirfesca	Pirfesca by Cipla Ltd. Post-Procedure product available at Indian Skin Store, the dermatologist-run skincare pharmacy by Indian Skin®. Pack size: 30GM.	https://www.indianskinstore.com/product/pirfesca	https://indianskinco.github.io/iss-catalog-images/p/27421409.jpg	in_stock	902.34 INR	Cipla Ltd	new	no	Health & Beauty > Personal Care > Cosmetics > Skin Care	Bodycare > Post-Procedure
28885497	Pynomax-tx Creamy Lotion	Pynomax-tx Creamy Lotion by Galcare Pharmaceuticals Pvt Ltd. Body Care product available at Indian Skin Store, the dermatologist-run skincare pharmacy by Indian Skin®. Pack size: 100ML.	https://www.indianskinstore.com/product/pynomax-tx-creamy-lotion	https://indianskinco.github.io/iss-catalog-images/p/28885497.jpg	in_stock	599.00 INR	Galcare Pharmaceuticals Pvt Ltd	new	no	Health & Beauty > Personal Care > Cosmetics > Skin Care	Bodycare > Body Care
29358560	Reelfair D-tan Soap	Reelfair D-tan Soap by Cosmosafe Healthcare Pvt . Cleansing product available at Indian Skin Store, the dermatologist-run skincare pharmacy by Indian Skin®. Pack size: 60 GM.	https://www.indianskinstore.com/product/reelfair-d-tan-soap	https://indianskinco.github.io/iss-catalog-images/p/29358560.jpg	in_stock	199.00 INR	Cosmosafe Healthcare Pvt 	new	no	Health & Beauty > Personal Care > Cosmetics > Skin Care > Face Wash	Bodycare > Cleansing
24342137	Regabpo Spray	Regabpo Spray by Regaliz Medicare Limited. Body Care product available at Indian Skin Store, the dermatologist-run skincare pharmacy by Indian Skin®. Pack size: 60ML.	https://www.indianskinstore.com/product/regabpo-spray	https://indianskinco.github.io/iss-catalog-images/p/24342137.jpg	in_stock	499.00 INR	Regaliz Medicare Limited	new	no	Health & Beauty > Personal Care > Cosmetics > Skin Care	Bodycare > Body Care
19310701	Ritch Creamy Lotion 50ML	Ritch Creamy Lotion 50ML by Torrent Pharmaceuticals Ltd.. Body Care product available at Indian Skin Store, the dermatologist-run skincare pharmacy by Indian Skin®. Pack size: 75ML.	https://www.indianskinstore.com/product/ritch-creamy-lotion-50ml	https://indianskinco.github.io/iss-catalog-images/p/19310701.jpg	in_stock	435.00 INR	Torrent Pharmaceuticals Ltd.	new	no	Health & Beauty > Personal Care > Cosmetics > Skin Care	Bodycare > Body Care
28631680	Sebamed Ad Body Lotion	Sebamed Ad Body Lotion by Usv Private Ltd. Body Care product available at Indian Skin Store, the dermatologist-run skincare pharmacy by Indian Skin®. Pack size: 200ML.	https://www.indianskinstore.com/product/sebamed-ad-body-lotion	https://indianskinco.github.io/iss-catalog-images/p/28631680.jpg	in_stock	850.00 INR	Usv Private Ltd	new	no	Health & Beauty > Personal Care > Cosmetics > Skin Care	Bodycare > Body Care
19311292	Soframycin Skin Cream 30GM	Soframycin Skin Cream 30GM by Encube Ethicals Pvt Ltd. Post-Procedure product available at Indian Skin Store, the dermatologist-run skincare pharmacy by Indian Skin®. Pack size: 0.	https://www.indianskinstore.com/product/soframycin-skin-cream-30gm	https://indianskinco.github.io/iss-catalog-images/p/19311292.jpg	in_stock	53.53 INR	Encube Ethicals Pvt Ltd	new	no	Health & Beauty > Personal Care > Cosmetics > Skin Care	Bodycare > Post-Procedure
19311302	Sterdee Cream 60GM	Sterdee Cream 60GM by Jvj Pharmaceuticals Pvt Ltd. Post-Procedure product available at Indian Skin Store, the dermatologist-run skincare pharmacy by Indian Skin®. Pack size: 0.	https://www.indianskinstore.com/product/sterdee-cream-60gm	https://indianskinco.github.io/iss-catalog-images/p/19311302.jpg	in_stock	399.00 INR	Jvj Pharmaceuticals Pvt Ltd	new	no	Health & Beauty > Personal Care > Cosmetics > Skin Care	Bodycare > Post-Procedure
28810662	T2H Shower Gel	T2H Shower Gel by Strata. Cleansing product available at Indian Skin Store, the dermatologist-run skincare pharmacy by Indian Skin®. Pack size: 250ML.	https://www.indianskinstore.com/product/t2h-shower-gel	https://indianskinco.github.io/iss-catalog-images/p/28810662.jpg	in_stock	490.00 INR	Strata	new	no	Health & Beauty > Personal Care > Cosmetics > Skin Care > Face Wash	Bodycare > Cleansing
19312646	Tyrodin Creamy Lotion 100ml	Tyrodin Creamy Lotion 100ml by Canixa Life Sciences Pvt Ltd. Body Care product available at Indian Skin Store, the dermatologist-run skincare pharmacy by Indian Skin®. Pack size: 0.	https://www.indianskinstore.com/product/tyrodin-creamy-lotion-100ml	https://indianskinco.github.io/iss-catalog-images/p/19312646.jpg	in_stock	825.00 INR	Canixa Life Sciences Pvt Ltd	new	no	Health & Beauty > Personal Care > Cosmetics > Skin Care	Bodycare > Body Care
23185248	Ultradew Cream	Ultradew Cream by Ama Herbal Loboratories. Body Care product available at Indian Skin Store, the dermatologist-run skincare pharmacy by Indian Skin®. Pack size: 100GM.	https://www.indianskinstore.com/product/ultradew-cream	https://indianskinco.github.io/iss-catalog-images/p/23185248.jpg	in_stock	275.00 INR	Ama Herbal Loboratories	new	no	Health & Beauty > Personal Care > Cosmetics > Skin Care	Bodycare > Body Care
28891447	Unclog Spray	Unclog Spray by Ad Cure Derma. Body Care product available at Indian Skin Store, the dermatologist-run skincare pharmacy by Indian Skin®. Pack size: 50ML.	https://www.indianskinstore.com/product/unclog-spray	https://indianskinco.github.io/iss-catalog-images/p/28891447.jpg	in_stock	525.00 INR	Ad Cure Derma	new	no	Health & Beauty > Personal Care > Cosmetics > Skin Care	Bodycare > Body Care
18873422	Venusia Derm Moisturizing Cream 75GM	Venusia Derm Moisturizing Cream 75GM by Dr Reddy'S. Body Care product available at Indian Skin Store, the dermatologist-run skincare pharmacy by Indian Skin®. Pack size: 1*75GM.	https://www.indianskinstore.com/product/venusia-derm-moisturizing-cream-75gm	https://indianskinco.github.io/iss-catalog-images/p/18873422.jpg	in_stock	249.00 INR	Dr Reddy'S	new	no	Health & Beauty > Personal Care > Cosmetics > Skin Care	Bodycare > Body Care
18870499	Xerina Cream	Xerina Cream by Sun Pharmaceutical Ind.Itd. Body Care product available at Indian Skin Store, the dermatologist-run skincare pharmacy by Indian Skin®. Pack size: 1.	https://www.indianskinstore.com/product/xerina-cream	https://indianskinco.github.io/iss-catalog-images/p/18870499.jpg	in_stock	460.00 INR	Sun Pharmaceutical Ind.Itd	new	no	Health & Beauty > Personal Care > Cosmetics > Skin Care	Bodycare > Body Care
19312688	Xerina Cream 50GM	Xerina Cream 50GM by Sun Pharmaceutical Ind.Itd. Body Care product available at Indian Skin Store, the dermatologist-run skincare pharmacy by Indian Skin®. Pack size: 0.	https://www.indianskinstore.com/product/xerina-cream-50gm	https://indianskinco.github.io/iss-catalog-images/p/19312688.jpg	in_stock	487.00 INR	Sun Pharmaceutical Ind.Itd	new	no	Health & Beauty > Personal Care > Cosmetics > Skin Care	Bodycare > Body Care
29382417	Xerina Ds Cream	Xerina Ds Cream by Sun Pharmaceutical Ind.Itd. Body Care product available at Indian Skin Store, the dermatologist-run skincare pharmacy by Indian Skin®. Pack size: 50GM.	https://www.indianskinstore.com/product/xerina-ds-cream	https://indianskinco.github.io/iss-catalog-images/p/29382417.jpg	in_stock	530.00 INR	Sun Pharmaceutical Ind.Itd	new	no	Health & Beauty > Personal Care > Cosmetics > Skin Care	Bodycare > Body Care
19308512	8X Kt Shampoo 60ML	8X Kt Shampoo 60ML by Cipla Limited. Scalp Care product available at Indian Skin Store, the dermatologist-run skincare pharmacy by Indian Skin®. Pack size: 0.	https://www.indianskinstore.com/product/8x-kt-shampoo-60ml	https://indianskinco.github.io/iss-catalog-images/p/19308512.jpg	in_stock	304.28 INR	Cipla Limited	new	no	Health & Beauty > Personal Care > Hair Care > Hair Care Kits	Haircare > Scalp Care
19308513	8X Shampoo 120ml	8X Shampoo 120ml by Cipla Limited. Scalp Care product available at Indian Skin Store, the dermatologist-run skincare pharmacy by Indian Skin®. Pack size: 0.	https://www.indianskinstore.com/product/8x-shampoo-120ml	https://indianskinco.github.io/iss-catalog-images/p/19308513.jpg	in_stock	505.84 INR	Cipla Limited	new	no	Health & Beauty > Personal Care > Hair Care > Hair Care Kits	Haircare > Scalp Care
28799972	Bioglim Conditioner	Bioglim Conditioner by Bionam Pharmacos. Conditioning product available at Indian Skin Store, the dermatologist-run skincare pharmacy by Indian Skin®. Pack size: 200ML.	https://www.indianskinstore.com/product/bioglim-conditioner	https://indianskinco.github.io/iss-catalog-images/p/28799972.jpg	in_stock	649.00 INR	Bionam Pharmacos	new	no	Health & Beauty > Personal Care > Hair Care > Hair Conditioner	Haircare > Conditioning
19308578	Biowright Oil 80ML	Biowright Oil 80ML by Linux Laboratories. Scalp Care product available at Indian Skin Store, the dermatologist-run skincare pharmacy by Indian Skin®. Pack size: 80ML.	https://www.indianskinstore.com/product/biowright-oil-80ml	https://indianskinco.github.io/iss-catalog-images/p/19308578.jpg	in_stock	242.00 INR	Linux Laboratories	new	no	Health & Beauty > Personal Care > Hair Care > Hair Care Kits	Haircare > Scalp Care
28789806	C Ro Hair Oil	C Ro Hair Oil by Bihans. Scalp Care product available at Indian Skin Store, the dermatologist-run skincare pharmacy by Indian Skin®. Pack size: 100ML.	https://www.indianskinstore.com/product/c-ro-hair-oil	https://indianskinco.github.io/iss-catalog-images/p/28789806.jpg	in_stock	395.00 INR	Bihans	new	no	Health & Beauty > Personal Care > Hair Care > Hair Care Kits	Haircare > Scalp Care
29371623	Candidox Shampoo 100ml 100ml	Candidox Shampoo 100ml 100ml by Glenmark Pharmaceuticals Ltd. Scalp Care product available at Indian Skin Store, the dermatologist-run skincare pharmacy by Indian Skin®. Pack size: 100ML.	https://www.indianskinstore.com/product/candidox-shampoo-100ml-100ml	https://indianskinco.github.io/iss-catalog-images/p/29371623.jpg	in_stock	403.01 INR	Glenmark Pharmaceuticals Ltd	new	no	Health & Beauty > Personal Care > Hair Care > Hair Care Kits	Haircare > Scalp Care
18889185	Endruff Lotion 100ml 100ml	Endruff Lotion 100ml 100ml by Nulife Pharmaceuticals. Scalp Care product available at Indian Skin Store, the dermatologist-run skincare pharmacy by Indian Skin®. Pack size: 100ML.	https://www.indianskinstore.com/product/endruff-lotion-100ml-100ml	https://indianskinco.github.io/iss-catalog-images/p/18889185.jpg	in_stock	87.00 INR	Nulife Pharmaceuticals	new	no	Health & Beauty > Personal Care > Hair Care > Hair Care Kits	Haircare > Scalp Care
28751634	Fullnoir	Fullnoir by Bdr Dermacare. Scalp Care product available at Indian Skin Store, the dermatologist-run skincare pharmacy by Indian Skin®. Pack size: 60 ML.	https://www.indianskinstore.com/product/fullnoir	https://indianskinco.github.io/iss-catalog-images/p/28751634.jpg	in_stock	1290.00 INR	Bdr Dermacare	new	no	Health & Beauty > Personal Care > Hair Care > Hair Care Kits	Haircare > Scalp Care
19309630	H-wash Shampoo 100ml	H-wash Shampoo 100ml by Ethialll Remedies. Scalp Care product available at Indian Skin Store, the dermatologist-run skincare pharmacy by Indian Skin®. Pack size: 100ML.	https://www.indianskinstore.com/product/h-wash-shampoo-100ml	https://indianskinco.github.io/iss-catalog-images/p/19309630.jpg	in_stock	420.00 INR	Ethialll Remedies	new	no	Health & Beauty > Personal Care > Hair Care > Hair Care Kits	Haircare > Scalp Care
26054652	Hairglaze Conditioner	Hairglaze Conditioner by Revetime. Conditioning product available at Indian Skin Store, the dermatologist-run skincare pharmacy by Indian Skin®. Pack size: 200ML.	https://www.indianskinstore.com/product/hairglaze-conditioner	https://indianskinco.github.io/iss-catalog-images/p/26054652.jpg	in_stock	500.00 INR	Revetime	new	no	Health & Beauty > Personal Care > Hair Care > Hair Conditioner	Haircare > Conditioning
26054653	Hairglaze Mask	Hairglaze Mask by Revetime. Conditioning product available at Indian Skin Store, the dermatologist-run skincare pharmacy by Indian Skin®. Pack size: 200ML.	https://www.indianskinstore.com/product/hairglaze-mask	https://indianskinco.github.io/iss-catalog-images/p/26054653.jpg	in_stock	650.00 INR	Revetime	new	no	Health & Beauty > Personal Care > Hair Care > Hair Conditioner	Haircare > Conditioning
26056491	Hairglaze Shampoo	Hairglaze Shampoo by Revetime. Scalp Care product available at Indian Skin Store, the dermatologist-run skincare pharmacy by Indian Skin®. Pack size: 200ML.	https://www.indianskinstore.com/product/hairglaze-shampoo	https://indianskinco.github.io/iss-catalog-images/p/26056491.jpg	in_stock	450.00 INR	Revetime	new	no	Health & Beauty > Personal Care > Hair Care > Hair Care Kits	Haircare > Scalp Care
19309616	Halixir Oil 100ml	Halixir Oil 100ml by Ethicare Remedies. Scalp Care product available at Indian Skin Store, the dermatologist-run skincare pharmacy by Indian Skin®. Pack size: 0.	https://www.indianskinstore.com/product/halixir-oil-100ml	https://indianskinco.github.io/iss-catalog-images/p/19309616.jpg	in_stock	355.00 INR	Ethicare Remedies	new	no	Health & Beauty > Personal Care > Hair Care > Hair Care Kits	Haircare > Scalp Care
19309663	Ivrea Shampoo 30ML	Ivrea Shampoo 30ML by Ajanta Pharma Ltd. Scalp Care product available at Indian Skin Store, the dermatologist-run skincare pharmacy by Indian Skin®. Pack size: 0.	https://www.indianskinstore.com/product/ivrea-shampoo-30ml	https://indianskinco.github.io/iss-catalog-images/p/19309663.jpg	in_stock	127.97 INR	Ajanta Pharma Ltd	new	no	Health & Beauty > Personal Care > Hair Care > Hair Care Kits	Haircare > Scalp Care
19309673	Keramote Conditioner 100ml	Keramote Conditioner 100ml by Ceuticoz. Conditioning product available at Indian Skin Store, the dermatologist-run skincare pharmacy by Indian Skin®. Pack size: 0.	https://www.indianskinstore.com/product/keramote-conditioner-100ml	https://indianskinco.github.io/iss-catalog-images/p/19309673.jpg	in_stock	370.00 INR	Ceuticoz	new	no	Health & Beauty > Personal Care > Hair Care > Hair Conditioner	Haircare > Conditioning
19309674	Keramote Shampoo Lot 75ML	Keramote Shampoo Lot 75ML by Ceuticoz. Scalp Care product available at Indian Skin Store, the dermatologist-run skincare pharmacy by Indian Skin®. Pack size: 100ML.	https://www.indianskinstore.com/product/keramote-shampoo-lot-75ml	https://indianskinco.github.io/iss-catalog-images/p/19309674.jpg	in_stock	390.00 INR	Ceuticoz	new	no	Health & Beauty > Personal Care > Hair Care > Hair Care Kits	Haircare > Scalp Care
19312381	La-matisse Conditioner 100gm	La-matisse Conditioner 100gm by Linux Laboratories. Conditioning product available at Indian Skin Store, the dermatologist-run skincare pharmacy by Indian Skin®. Pack size: 0.	https://www.indianskinstore.com/product/la-matisse-conditioner-100gm	https://indianskinco.github.io/iss-catalog-images/p/19312381.jpg	in_stock	625.00 INR	Linux Laboratories	new	no	Health & Beauty > Personal Care > Hair Care > Hair Conditioner	Haircare > Conditioning
28811180	Logidruf S Lotion	Logidruf S Lotion by Canixa Life Sciences Pvt Ltd. Scalp Care product available at Indian Skin Store, the dermatologist-run skincare pharmacy by Indian Skin®. Pack size: 1*100ML.	https://www.indianskinstore.com/product/logidruf-s-lotion	https://indianskinco.github.io/iss-catalog-images/p/28811180.jpg	in_stock	328.00 INR	Canixa Life Sciences Pvt Ltd	new	no	Health & Beauty > Personal Care > Hair Care > Hair Care Kits	Haircare > Scalp Care
28770432	Magidruf	Magidruf by Oziel Pharma. Scalp Care product available at Indian Skin Store, the dermatologist-run skincare pharmacy by Indian Skin®. Pack size: 100ML.	https://www.indianskinstore.com/product/magidruf	https://indianskinco.github.io/iss-catalog-images/p/28770432.jpg	in_stock	253.60 INR	Oziel Pharma	new	no	Health & Beauty > Personal Care > Hair Care > Hair Care Kits	Haircare > Scalp Care
28860486	Meldone	Meldone by Skinocean. Scalp Care product available at Indian Skin Store, the dermatologist-run skincare pharmacy by Indian Skin®. Pack size: 60ML.	https://www.indianskinstore.com/product/meldone	https://indianskinco.github.io/iss-catalog-images/p/28860486.jpg	in_stock	1350.00 INR	Skinocean	new	no	Health & Beauty > Personal Care > Hair Care > Hair Care Kits	Haircare > Scalp Care
28872881	Pellemild Daily Shampoo	Pellemild Daily Shampoo by Atopic Laboratories Pvt.Ltd.,. Scalp Care product available at Indian Skin Store, the dermatologist-run skincare pharmacy by Indian Skin®. Pack size: 1*100ML.	https://www.indianskinstore.com/product/pellemild-daily-shampoo	https://indianskinco.github.io/iss-catalog-images/p/28872881.jpg	in_stock	289.00 INR	Atopic Laboratories Pvt.Ltd.,	new	no	Health & Beauty > Personal Care > Hair Care > Hair Care Kits	Haircare > Scalp Care
19310656	Perlice 1% Cream Rinse 120gm	Perlice 1% Cream Rinse 120gm by Torrent Pharmaceutical Ltd. Scalp Care product available at Indian Skin Store, the dermatologist-run skincare pharmacy by Indian Skin®. Pack size: 0.	https://www.indianskinstore.com/product/perlice-1%-cream-rinse-120gm	https://indianskinco.github.io/iss-catalog-images/p/19310656.jpg	in_stock	193.49 INR	Torrent Pharmaceutical Ltd	new	no	Health & Beauty > Personal Care > Hair Care > Hair Care Kits	Haircare > Scalp Care
24273022	Powercort Shampoo	Powercort Shampoo by Eris Oaknet. Scalp Care product available at Indian Skin Store, the dermatologist-run skincare pharmacy by Indian Skin®. Pack size: 100ML.	https://www.indianskinstore.com/product/powercort-shampoo	https://indianskinco.github.io/iss-catalog-images/p/24273022.jpg	in_stock	334.25 INR	Eris Oaknet	new	no	Health & Beauty > Personal Care > Hair Care > Hair Care Kits	Haircare > Scalp Care
19310690	Remigrow Hair Oil 100ml	Remigrow Hair Oil 100ml by Skin Science Laboratories Pvt Ltd. Scalp Care product available at Indian Skin Store, the dermatologist-run skincare pharmacy by Indian Skin®. Pack size: 0.	https://www.indianskinstore.com/product/remigrow-hair-oil-100ml	https://indianskinco.github.io/iss-catalog-images/p/19310690.jpg	in_stock	380.00 INR	Skin Science Laboratories Pvt Ltd	new	no	Health & Beauty > Personal Care > Hair Care > Hair Care Kits	Haircare > Scalp Care
18869426	Renocia Hair Conditioner 110ml	Renocia Hair Conditioner 110ml by Alkem Laboratories Ltd.. Conditioning product available at Indian Skin Store, the dermatologist-run skincare pharmacy by Indian Skin®. Pack size: 1*110ML.	https://www.indianskinstore.com/product/renocia-hair-conditioner-110ml	https://indianskinco.github.io/iss-catalog-images/p/18869426.jpg	in_stock	985.00 INR	Alkem Laboratories Ltd.	new	no	Health & Beauty > Personal Care > Hair Care > Hair Conditioner	Haircare > Conditioning
28872846	Resver B31 Shampoo	Resver B31 Shampoo by Genesis Cosmotech. Scalp Care product available at Indian Skin Store, the dermatologist-run skincare pharmacy by Indian Skin®. Pack size: 200 ML.	https://www.indianskinstore.com/product/resver-b31-shampoo	https://indianskinco.github.io/iss-catalog-images/p/28872846.jpg	in_stock	599.00 INR	Genesis Cosmotech	new	no	Health & Beauty > Personal Care > Hair Care > Hair Care Kits	Haircare > Scalp Care
19310695	Revgrey Solution 30ML	Revgrey Solution 30ML by Apex Laboratories Pvt Ltd. Scalp Care product available at Indian Skin Store, the dermatologist-run skincare pharmacy by Indian Skin®. Pack size: 30ML.	https://www.indianskinstore.com/product/revgrey-solution-30ml	https://indianskinco.github.io/iss-catalog-images/p/19310695.jpg	in_stock	820.00 INR	Apex Laboratories Pvt Ltd	new	no	Health & Beauty > Personal Care > Hair Care > Hair Care Kits	Haircare > Scalp Care
18857444	Salisia Kt Shampoo	Salisia Kt Shampoo by Ajanta Pharma Ltd.. Scalp Care product available at Indian Skin Store, the dermatologist-run skincare pharmacy by Indian Skin®. Pack size: 75ML.	https://www.indianskinstore.com/product/salisia-kt-shampoo	https://indianskinco.github.io/iss-catalog-images/p/18857444.jpg	in_stock	342.19 INR	Ajanta Pharma Ltd.	new	no	Health & Beauty > Personal Care > Hair Care > Hair Care Kits	Haircare > Scalp Care
19310711	Scalpe Plus Lotion 75ML	Scalpe Plus Lotion 75ML by Glenmark Pharmaceuticals Ltd.. Scalp Care product available at Indian Skin Store, the dermatologist-run skincare pharmacy by Indian Skin®. Pack size: 0.	https://www.indianskinstore.com/product/scalpe-plus-lotion-75ml	https://indianskinco.github.io/iss-catalog-images/p/19310711.jpg	in_stock	306.50 INR	Glenmark Pharmaceuticals Ltd.	new	no	Health & Beauty > Personal Care > Hair Care > Hair Care Kits	Haircare > Scalp Care
18870498	Selsun S Shampoo 120ml	Selsun S Shampoo 120ml by Abbott Healthcare Pvt Ltd. Scalp Care product available at Indian Skin Store, the dermatologist-run skincare pharmacy by Indian Skin®. Pack size: 1*120ML.	https://www.indianskinstore.com/product/selsun-s-shampoo-120ml	https://indianskinco.github.io/iss-catalog-images/p/18870498.jpg	in_stock	549.00 INR	Abbott Healthcare Pvt Ltd	new	no	Health & Beauty > Personal Care > Hair Care > Hair Care Kits	Haircare > Scalp Care
19311333	Trichoexito Hair Mask 200G	Trichoexito Hair Mask 200G by Ubik Solutions Pvt. Ltd. Conditioning product available at Indian Skin Store, the dermatologist-run skincare pharmacy by Indian Skin®. Pack size: 0.	https://www.indianskinstore.com/product/trichoexito-hair-mask-200g	https://indianskinco.github.io/iss-catalog-images/p/19311333.jpg	in_stock	1200.00 INR	Ubik Solutions Pvt. Ltd	new	no	Health & Beauty > Personal Care > Hair Care > Hair Conditioner	Haircare > Conditioning
19311334	Trichoexito Shampoo 250ml	Trichoexito Shampoo 250ml by Ubik Solutions Pvt. Ltd. Scalp Care product available at Indian Skin Store, the dermatologist-run skincare pharmacy by Indian Skin®. Pack size: 0.	https://www.indianskinstore.com/product/trichoexito-shampoo-250ml	https://indianskinco.github.io/iss-catalog-images/p/19311334.jpg	in_stock	1200.00 INR	Ubik Solutions Pvt. Ltd	new	no	Health & Beauty > Personal Care > Hair Care > Hair Care Kits	Haircare > Scalp Care
19311336	Trichowell Hair Nourish Serum 50ML	Trichowell Hair Nourish Serum 50ML by Vegetal Bioactives Pvt.Ltd. Conditioning product available at Indian Skin Store, the dermatologist-run skincare pharmacy by Indian Skin®. Pack size: 50ML.	https://www.indianskinstore.com/product/trichowell-hair-nourish-serum-50ml	https://indianskinco.github.io/iss-catalog-images/p/19311336.jpg	in_stock	450.00 INR	Vegetal Bioactives Pvt.Ltd	new	no	Health & Beauty > Personal Care > Hair Care > Hair Conditioner	Haircare > Conditioning
19311339	Tricopecia Hair Serum 60ML	Tricopecia Hair Serum 60ML by Jvj Pharmaceuticals Pvt Ltd. Conditioning product available at Indian Skin Store, the dermatologist-run skincare pharmacy by Indian Skin®. Pack size: 0.	https://www.indianskinstore.com/product/tricopecia-hair-serum-60ml	https://indianskinco.github.io/iss-catalog-images/p/19311339.jpg	in_stock	1299.00 INR	Jvj Pharmaceuticals Pvt Ltd	new	no	Health & Beauty > Personal Care > Hair Care > Hair Conditioner	Haircare > Conditioning
29089903	Tugain Hair Serum	Tugain Hair Serum by Cipla Health Limited. Conditioning product available at Indian Skin Store, the dermatologist-run skincare pharmacy by Indian Skin®. Pack size: 100ML.	https://www.indianskinstore.com/product/tugain-hair-serum	https://indianskinco.github.io/iss-catalog-images/p/29089903.jpg	in_stock	650.00 INR	Cipla Health Limited	new	no	Health & Beauty > Personal Care > Hair Care > Hair Conditioner	Haircare > Conditioning
19312686	Xaliderm Solution 50ML	Xaliderm Solution 50ML by Klm Laboratories Pvt.Ltd.. Scalp Care product available at Indian Skin Store, the dermatologist-run skincare pharmacy by Indian Skin®. Pack size: 50ML.	https://www.indianskinstore.com/product/xaliderm-solution-50ml	https://indianskinco.github.io/iss-catalog-images/p/19312686.jpg	in_stock	328.13 INR	Klm Laboratories Pvt.Ltd.	new	no	Health & Beauty > Personal Care > Hair Care > Hair Care Kits	Haircare > Scalp Care
28633118	Xampu-kz Shampoo	Xampu-kz Shampoo by Mankind Pharmaceuticals Ltd. Scalp Care product available at Indian Skin Store, the dermatologist-run skincare pharmacy by Indian Skin®. Pack size: 100ML.	https://www.indianskinstore.com/product/xampu-kz-shampoo	https://indianskinco.github.io/iss-catalog-images/p/28633118.jpg	in_stock	368.09 INR	Mankind Pharmaceuticals Ltd	new	no	Health & Beauty > Personal Care > Hair Care > Hair Care Kits	Haircare > Scalp Care
28612731	Ac Sheer 50 Spf	Ac Sheer 50 Spf by Ubik Solutions Pvt. Ltd. Sun Protection product available at Indian Skin Store, the dermatologist-run skincare pharmacy by Indian Skin®. Pack size: 50 G.	https://www.indianskinstore.com/product/ac-sheer-50-spf	https://indianskinco.github.io/iss-catalog-images/p/28612731.jpg	in_stock	1190.00 INR	Ubik Solutions Pvt. Ltd	new	no	Health & Beauty > Personal Care > Cosmetics > Sun Care	Skincare > Sun Protection
19308523	Acmed Plus F/w 250ml	Acmed Plus F/w 250ml by Ubik Solutions Pvt. Ltd. Cleansers product available at Indian Skin Store, the dermatologist-run skincare pharmacy by Indian Skin®. Pack size: 250ML.	https://www.indianskinstore.com/product/acmed-plus-f/w-250ml	https://indianskinco.github.io/iss-catalog-images/p/19308523.jpg	in_stock	350.00 INR	Ubik Solutions Pvt. Ltd	new	no	Health & Beauty > Personal Care > Cosmetics > Skin Care > Face Wash	Skincare > Cleansers
18881430	Acne Oc Moisturizer	Acne Oc Moisturizer by Ipca Health Private Limited. Moisturiser product available at Indian Skin Store, the dermatologist-run skincare pharmacy by Indian Skin®. Pack size: 75 gm.	https://www.indianskinstore.com/product/acne-oc-moisturizer	https://indianskinco.github.io/iss-catalog-images/p/18881430.jpg	in_stock	618.00 INR	Ipca Health Private Limited	new	no	Health & Beauty > Personal Care > Cosmetics > Skin Care > Lotion & Moisturizer	Skincare > Moisturiser
19308527	Acne-uv Gel Spf 50 50GM	Acne-uv Gel Spf 50 50GM by Ipca Health Private Limited. Sun Protection product available at Indian Skin Store, the dermatologist-run skincare pharmacy by Indian Skin®. Pack size: 0.	https://www.indianskinstore.com/product/acne-uv-gel-spf-50-50gm	https://indianskinco.github.io/iss-catalog-images/p/19308527.jpg	in_stock	975.00 INR	Ipca Health Private Limited	new	no	Health & Beauty > Personal Care > Cosmetics > Sun Care	Skincare > Sun Protection
29107484	Acnemoist Bar	Acnemoist Bar by Torrent Pharmaceuticals Ltd.. Cleansers product available at Indian Skin Store, the dermatologist-run skincare pharmacy by Indian Skin®. Pack size: 100GM.	https://www.indianskinstore.com/product/acnemoist-bar	https://indianskinco.github.io/iss-catalog-images/p/29107484.jpg	in_stock	298.50 INR	Torrent Pharmaceuticals Ltd.	new	no	Health & Beauty > Personal Care > Cosmetics > Skin Care > Face Wash	Skincare > Cleansers
18869649	Acnemoist Cream 60GM	Acnemoist Cream 60GM by Torrent Pharmaceuticals Ltd.. Moisturiser product available at Indian Skin Store, the dermatologist-run skincare pharmacy by Indian Skin®. Pack size: 1*60G.	https://www.indianskinstore.com/product/acnemoist-cream-60gm	https://indianskinco.github.io/iss-catalog-images/p/18869649.jpg	in_stock	494.00 INR	Torrent Pharmaceuticals Ltd.	new	no	Health & Beauty > Personal Care > Cosmetics > Skin Care > Lotion & Moisturizer	Skincare > Moisturiser
19308533	Ageret Lot 20ML	Ageret Lot 20ML by Biopharmacieaa Pvt. Ltd. Anti-Aging product available at Indian Skin Store, the dermatologist-run skincare pharmacy by Indian Skin®. Pack size: 0.	https://www.indianskinstore.com/product/ageret-lot-20ml	https://indianskinco.github.io/iss-catalog-images/p/19308533.jpg	in_stock	1089.00 INR	Biopharmacieaa Pvt. Ltd	new	no	Health & Beauty > Personal Care > Cosmetics > Skin Care > Anti-Aging Skin Care Kits	Skincare > Anti-Aging
19308534	Ahaglow F/w 50GM	Ahaglow F/w 50GM by Torrent Pharmaceuticals Ltd.. Cleansers product available at Indian Skin Store, the dermatologist-run skincare pharmacy by Indian Skin®. Pack size: 0.	https://www.indianskinstore.com/product/ahaglow-f/w-50gm	https://indianskinco.github.io/iss-catalog-images/p/19308534.jpg	in_stock	357.00 INR	Torrent Pharmaceuticals Ltd.	new	no	Health & Beauty > Personal Care > Cosmetics > Skin Care > Face Wash	Skincare > Cleansers
29026443	Ahaglow Facepads	Ahaglow Facepads by Torrent Pharmaceuticals Ltd.. Cleansers product available at Indian Skin Store, the dermatologist-run skincare pharmacy by Indian Skin®. Pack size: 30s.	https://www.indianskinstore.com/product/ahaglow-facepads	https://indianskinco.github.io/iss-catalog-images/p/29026443.jpg	in_stock	315.00 INR	Torrent Pharmaceuticals Ltd.	new	no	Health & Beauty > Personal Care > Cosmetics > Skin Care > Face Wash	Skincare > Cleansers
19308535	Ahaglow-s F/w 60ML	Ahaglow-s F/w 60ML by Torrent Pharmaceuticals Ltd.. Cleansers product available at Indian Skin Store, the dermatologist-run skincare pharmacy by Indian Skin®. Pack size: 0.	https://www.indianskinstore.com/product/ahaglow-s-f/w-60ml	https://indianskinco.github.io/iss-catalog-images/p/19308535.jpg	in_stock	675.00 INR	Torrent Pharmaceuticals Ltd.	new	no	Health & Beauty > Personal Care > Cosmetics > Skin Care > Face Wash	Skincare > Cleansers
28771330	Akosma Eco Spf50+	Akosma Eco Spf50+ by Akosma Limited. Sun Protection product available at Indian Skin Store, the dermatologist-run skincare pharmacy by Indian Skin®. Pack size: 50ML.	https://www.indianskinstore.com/product/akosma-eco-spf50+	https://indianskinco.github.io/iss-catalog-images/p/28771330.jpg	in_stock	1099.00 INR	Akosma Limited	new	no	Health & Beauty > Personal Care > Cosmetics > Sun Care	Skincare > Sun Protection
25366960	Akosma Micellar Face Toner	Akosma Micellar Face Toner by Akosma Limited. Moisturiser product available at Indian Skin Store, the dermatologist-run skincare pharmacy by Indian Skin®. Pack size: 120 ML.	https://www.indianskinstore.com/product/akosma-micellar-face-toner	https://indianskinco.github.io/iss-catalog-images/p/25366960.jpg	in_stock	899.00 INR	Akosma Limited	new	no	Health & Beauty > Personal Care > Cosmetics > Skin Care > Lotion & Moisturizer	Skincare > Moisturiser
19308543	Aloglow-uv Spf 50 50GM	Aloglow-uv Spf 50 50GM by Lyra Laboratories Pvt. Ltd.. Sun Protection product available at Indian Skin Store, the dermatologist-run skincare pharmacy by Indian Skin®. Pack size: 0.	https://www.indianskinstore.com/product/aloglow-uv-spf-50-50gm	https://indianskinco.github.io/iss-catalog-images/p/19308543.jpg	in_stock	550.00 INR	Lyra Laboratories Pvt. Ltd.	new	no	Health & Beauty > Personal Care > Cosmetics > Sun Care	Skincare > Sun Protection
19651864	Amvel-sr	Amvel-sr by Skya Transdermic. Anti-Aging product available at Indian Skin Store, the dermatologist-run skincare pharmacy by Indian Skin®. Pack size: 30ML.	https://www.indianskinstore.com/product/amvel-sr	https://indianskinco.github.io/iss-catalog-images/p/19651864.jpg	in_stock	945.00 INR	Skya Transdermic	new	no	Health & Beauty > Personal Care > Cosmetics > Skin Care > Anti-Aging Skin Care Kits	Skincare > Anti-Aging
27695909	Aqua-lip	Aqua-lip by Izng Healthcare Pvt Ltd. Lipcare product available at Indian Skin Store, the dermatologist-run skincare pharmacy by Indian Skin®. Pack size: 10 GM.	https://www.indianskinstore.com/product/aqua-lip	https://indianskinco.github.io/iss-catalog-images/p/27695909.jpg	in_stock	185.00 INR	Izng Healthcare Pvt Ltd	new	no	Health & Beauty > Personal Care > Cosmetics > Skin Care > Lip Balms & Treatments	Skincare > Lipcare
28846502	Aquasoft Night Cream	Aquasoft Night Cream by Ajanta Pharma Ltd. Anti-Aging product available at Indian Skin Store, the dermatologist-run skincare pharmacy by Indian Skin®. Pack size: 50 GM.	https://www.indianskinstore.com/product/aquasoft-night-cream	https://indianskinco.github.io/iss-catalog-images/p/28846502.jpg	in_stock	899.00 INR	Ajanta Pharma Ltd	new	no	Health & Beauty > Personal Care > Cosmetics > Skin Care > Anti-Aging Skin Care Kits	Skincare > Anti-Aging
28628309	Atomy Energizing All In One	Atomy Energizing All In One by Atomy Eterprise India Pvt. Ltd. Moisturizers product available at Indian Skin Store, the dermatologist-run skincare pharmacy by Indian Skin®. Pack size: 80ML.	https://www.indianskinstore.com/product/atomy-energizing-all-in-one	https://indianskinco.github.io/iss-catalog-images/p/28628309.jpg	in_stock	2000.00 INR	Atomy Eterprise India Pvt. Ltd	new	no	Health & Beauty > Personal Care > Cosmetics > Skin Care > Lotion & Moisturizer	Skincare > Moisturizers
28628313	Atomy Peel-off Mask	Atomy Peel-off Mask by Atomy Eterprise India Pvt. Ltd. Mask product available at Indian Skin Store, the dermatologist-run skincare pharmacy by Indian Skin®. Pack size: 120 ML.	https://www.indianskinstore.com/product/atomy-peel-off-mask	https://indianskinco.github.io/iss-catalog-images/p/28628313.jpg	in_stock	900.00 INR	Atomy Eterprise India Pvt. Ltd	new	no	Health & Beauty > Personal Care > Cosmetics > Skin Care > Facial Masks	Skincare > Mask
28628314	Atomy Peeling Gel	Atomy Peeling Gel by Atomy Eterprise India Pvt. Ltd. Mask product available at Indian Skin Store, the dermatologist-run skincare pharmacy by Indian Skin®. Pack size: 120ML.	https://www.indianskinstore.com/product/atomy-peeling-gel	https://indianskinco.github.io/iss-catalog-images/p/28628314.jpg	in_stock	900.00 INR	Atomy Eterprise India Pvt. Ltd	new	no	Health & Beauty > Personal Care > Cosmetics > Skin Care > Facial Masks	Skincare > Mask
29505495	Banray Cream Gel	Banray Cream Gel by Ajanta Pharma Limited. Sun Protection product available at Indian Skin Store, the dermatologist-run skincare pharmacy by Indian Skin®. Pack size: 50GM.	https://www.indianskinstore.com/product/banray-cream-gel	https://indianskinco.github.io/iss-catalog-images/p/29505495.jpg	in_stock	892.00 INR	Ajanta Pharma Limited	new	no	Health & Beauty > Personal Care > Cosmetics > Sun Care	Skincare > Sun Protection
19308580	Bio Yuth Serum 30ML	Bio Yuth Serum 30ML by Mediowins Biotecg Pvt Lyd. Anti-Aging product available at Indian Skin Store, the dermatologist-run skincare pharmacy by Indian Skin®. Pack size: 30ML.	https://www.indianskinstore.com/product/bio-yuth-serum-30ml	https://indianskinco.github.io/iss-catalog-images/p/19308580.jpg	in_stock	1299.00 INR	Mediowins Biotecg Pvt Lyd	new	no	Health & Beauty > Personal Care > Cosmetics > Skin Care > Anti-Aging Skin Care Kits	Skincare > Anti-Aging
28856806	Biosilk Max Cream	Biosilk Max Cream by Ajanta Pharma Ltd. Moisturizers product available at Indian Skin Store, the dermatologist-run skincare pharmacy by Indian Skin®. Pack size: 150GM.	https://www.indianskinstore.com/product/biosilk-max-cream	https://indianskinco.github.io/iss-catalog-images/p/28856806.jpg	in_stock	850.00 INR	Ajanta Pharma Ltd	new	no	Health & Beauty > Personal Care > Cosmetics > Skin Care > Lotion & Moisturizer	Skincare > Moisturizers
19308586	Blu-bloc 50GM	Blu-bloc 50GM by Bihans. Sun Protection product available at Indian Skin Store, the dermatologist-run skincare pharmacy by Indian Skin®. Pack size: 0.	https://www.indianskinstore.com/product/blu-bloc-50gm	https://indianskinco.github.io/iss-catalog-images/p/19308586.jpg	in_stock	648.00 INR	Bihans	new	no	Health & Beauty > Personal Care > Cosmetics > Sun Care	Skincare > Sun Protection
24273018	Blynds Pro Spf 80	Blynds Pro Spf 80 by Intas Pharmaceuticals Ltd.. Sun Protection product available at Indian Skin Store, the dermatologist-run skincare pharmacy by Indian Skin®. Pack size: 1*50GM.	https://www.indianskinstore.com/product/blynds-pro-spf-80	https://indianskinco.github.io/iss-catalog-images/p/24273018.jpg	in_stock	850.00 INR	Intas Pharmaceuticals Ltd.	new	no	Health & Beauty > Personal Care > Cosmetics > Sun Care	Skincare > Sun Protection
25918090	Cerasoft Oc	Cerasoft Oc by Grace Derma Healthcare Pvt Ltd.. Moisturizers product available at Indian Skin Store, the dermatologist-run skincare pharmacy by Indian Skin®. Pack size: 50GM.	https://www.indianskinstore.com/product/cerasoft-oc	https://indianskinco.github.io/iss-catalog-images/p/25918090.jpg	in_stock	395.00 INR	Grace Derma Healthcare Pvt Ltd.	new	no	Health & Beauty > Personal Care > Cosmetics > Skin Care > Lotion & Moisturizer	Skincare > Moisturizers
18886280	Cetaphil Dam 100gm 100gm	Cetaphil Dam 100gm 100gm by Galderma India Pvt.Ltd.,. Moisturizers product available at Indian Skin Store, the dermatologist-run skincare pharmacy by Indian Skin®. Pack size: 100GM.	https://www.indianskinstore.com/product/cetaphil-dam-100gm-100gm	https://indianskinco.github.io/iss-catalog-images/p/18886280.jpg	in_stock	195.00 INR	Galderma India Pvt.Ltd.,	new	no	Health & Beauty > Personal Care > Cosmetics > Skin Care > Lotion & Moisturizer	Skincare > Moisturizers
19308686	Cetaphil Gentle Sk/cl 125ml	Cetaphil Gentle Sk/cl 125ml by Galderma India Pvt.Ltd.,. Cleansers product available at Indian Skin Store, the dermatologist-run skincare pharmacy by Indian Skin®. Pack size: 0.	https://www.indianskinstore.com/product/cetaphil-gentle-sk/cl-125ml	https://indianskinco.github.io/iss-catalog-images/p/19308686.jpg	in_stock	399.00 INR	Galderma India Pvt.Ltd.,	new	no	Health & Beauty > Personal Care > Cosmetics > Skin Care > Face Wash	Skincare > Cleansers
19308690	Cetaphil Os 125ml	Cetaphil Os 125ml by Galderma India Pvt.Ltd.,. Moisturizers product available at Indian Skin Store, the dermatologist-run skincare pharmacy by Indian Skin®. Pack size: 0.	https://www.indianskinstore.com/product/cetaphil-os-125ml	https://indianskinco.github.io/iss-catalog-images/p/19308690.jpg	in_stock	699.00 INR	Galderma India Pvt.Ltd.,	new	no	Health & Beauty > Personal Care > Cosmetics > Skin Care > Lotion & Moisturizer	Skincare > Moisturizers
19308691	Cetascreen Spf-50 50GM	Cetascreen Spf-50 50GM by Skinotech Pharmaceuticals Ltd. Sun Protection product available at Indian Skin Store, the dermatologist-run skincare pharmacy by Indian Skin®. Pack size: 0.	https://www.indianskinstore.com/product/cetascreen-spf-50-50gm	https://indianskinco.github.io/iss-catalog-images/p/19308691.jpg	in_stock	360.00 INR	Skinotech Pharmaceuticals Ltd	new	no	Health & Beauty > Personal Care > Cosmetics > Sun Care	Skincare > Sun Protection
28789762	Clinred-rx Facewash	Clinred-rx Facewash by Encore Healthcare Pvt Ltd. Cleansers product available at Indian Skin Store, the dermatologist-run skincare pharmacy by Indian Skin®. Pack size: 60ML.	https://www.indianskinstore.com/product/clinred-rx-facewash	https://indianskinco.github.io/iss-catalog-images/p/28789762.jpg	in_stock	374.06 INR	Encore Healthcare Pvt Ltd	new	no	Health & Beauty > Personal Care > Cosmetics > Skin Care > Face Wash	Skincare > Cleansers
19308708	Cosmo Q Moisturizing Cream 50GM	Cosmo Q Moisturizing Cream 50GM by Klm Laboratories. Moisturizers product available at Indian Skin Store, the dermatologist-run skincare pharmacy by Indian Skin®. Pack size: 0.	https://www.indianskinstore.com/product/cosmo-q-moisturizing-cream-50gm	https://indianskinco.github.io/iss-catalog-images/p/19308708.jpg	in_stock	550.00 INR	Klm Laboratories	new	no	Health & Beauty > Personal Care > Cosmetics > Skin Care > Lotion & Moisturizer	Skincare > Moisturizers
19308711	Curalite Face Wash 75GM	Curalite Face Wash 75GM by Ceuticoz. Cleansers product available at Indian Skin Store, the dermatologist-run skincare pharmacy by Indian Skin®. Pack size: 0.	https://www.indianskinstore.com/product/curalite-face-wash-75gm	https://indianskinco.github.io/iss-catalog-images/p/19308711.jpg	in_stock	390.00 INR	Ceuticoz	new	no	Health & Beauty > Personal Care > Cosmetics > Skin Care > Face Wash	Skincare > Cleansers
28784013	Curi-age Anti Agening Serum	Curi-age Anti Agening Serum by Curious Biotech. Anti-Aging product available at Indian Skin Store, the dermatologist-run skincare pharmacy by Indian Skin®. Pack size: 30ML.	https://www.indianskinstore.com/product/curi-age-anti-agening-serum	https://indianskinco.github.io/iss-catalog-images/p/28784013.jpg	in_stock	1550.00 INR	Curious Biotech	new	no	Health & Beauty > Personal Care > Cosmetics > Skin Care > Anti-Aging Skin Care Kits	Skincare > Anti-Aging
19308712	Curiglow Face Wash 60 Gm	Curiglow Face Wash 60 Gm by Curious Biotech. Cleansers product available at Indian Skin Store, the dermatologist-run skincare pharmacy by Indian Skin®. Pack size: 60GM.	https://www.indianskinstore.com/product/curiglow-face-wash-60-gm	https://indianskinco.github.io/iss-catalog-images/p/19308712.jpg	in_stock	270.00 INR	Curious Biotech	new	no	Health & Beauty > Personal Care > Cosmetics > Skin Care > Face Wash	Skincare > Cleansers
19308714	Curitret Face Wash 70GM	Curitret Face Wash 70GM by Curious Biotech. Cleansers product available at Indian Skin Store, the dermatologist-run skincare pharmacy by Indian Skin®. Pack size: 70GM.	https://www.indianskinstore.com/product/curitret-face-wash-70gm	https://indianskinco.github.io/iss-catalog-images/p/19308714.jpg	in_stock	250.00 INR	Curious Biotech	new	no	Health & Beauty > Personal Care > Cosmetics > Skin Care > Face Wash	Skincare > Cleansers
29403906	Depiglow Facewash 70GM	Depiglow Facewash 70GM by Grace Derma Healthcare Pvt Ltd.. Cleansers product available at Indian Skin Store, the dermatologist-run skincare pharmacy by Indian Skin®. Pack size: 1*70GM.	https://www.indianskinstore.com/product/depiglow-facewash-70gm	https://indianskinco.github.io/iss-catalog-images/p/29403906.jpg	in_stock	275.00 INR	Grace Derma Healthcare Pvt Ltd.	new	no	Health & Beauty > Personal Care > Cosmetics > Skin Care > Face Wash	Skincare > Cleansers
20334369	Dermithilia Sunscreen	Dermithilia Sunscreen by Shanti Remedies. Sun Protection product available at Indian Skin Store, the dermatologist-run skincare pharmacy by Indian Skin®. Pack size: 50GM.	https://www.indianskinstore.com/product/dermithilia-sunscreen	https://indianskinco.github.io/iss-catalog-images/p/20334369.jpg	in_stock	475.00 INR	Shanti Remedies	new	no	Health & Beauty > Personal Care > Cosmetics > Sun Care	Skincare > Sun Protection
20198730	Duvitin Cream 60GM	Duvitin Cream 60GM by Ceuticoz. Moisturizers product available at Indian Skin Store, the dermatologist-run skincare pharmacy by Indian Skin®. Pack size: 60G.	https://www.indianskinstore.com/product/duvitin-cream-60gm	https://indianskinco.github.io/iss-catalog-images/p/20198730.jpg	in_stock	490.00 INR	Ceuticoz	new	no	Health & Beauty > Personal Care > Cosmetics > Skin Care > Lotion & Moisturizer	Skincare > Moisturizers
19308762	E-acne Cleansing Pads 30 S	E-acne Cleansing Pads 30 S by Rely On Pharmaceuticals. Cleansers product available at Indian Skin Store, the dermatologist-run skincare pharmacy by Indian Skin®. Pack size: 0.	https://www.indianskinstore.com/product/e-acne-cleansing-pads-30-s	https://indianskinco.github.io/iss-catalog-images/p/19308762.jpg	in_stock	199.00 INR	Rely On Pharmaceuticals	new	no	Health & Beauty > Personal Care > Cosmetics > Skin Care > Face Wash	Skincare > Cleansers
28835451	Eclipse Solar Matte Effect	Eclipse Solar Matte Effect by Yuderma. Sun Protection product available at Indian Skin Store, the dermatologist-run skincare pharmacy by Indian Skin®. Pack size: 40GM.	https://www.indianskinstore.com/product/eclipse-solar-matte-effect	https://indianskinco.github.io/iss-catalog-images/p/28835451.jpg	in_stock	1080.00 INR	Yuderma	new	no	Health & Beauty > Personal Care > Cosmetics > Sun Care	Skincare > Sun Protection
19308764	Efatop Hydra Gel 30ML	Efatop Hydra Gel 30ML by Eris Okanet Healthcare. Moisturizers product available at Indian Skin Store, the dermatologist-run skincare pharmacy by Indian Skin®. Pack size: 0.	https://www.indianskinstore.com/product/efatop-hydra-gel-30ml	https://indianskinco.github.io/iss-catalog-images/p/19308764.jpg	in_stock	1122.00 INR	Eris Okanet Healthcare	new	no	Health & Beauty > Personal Care > Cosmetics > Skin Care > Lotion & Moisturizer	Skincare > Moisturizers
19308772	Elume Matt Moisture Gel 50GM	Elume Matt Moisture Gel 50GM by Skin Habit Pvt Ltd. Moisturizers product available at Indian Skin Store, the dermatologist-run skincare pharmacy by Indian Skin®. Pack size: 50GM.	https://www.indianskinstore.com/product/elume-matt-moisture-gel-50gm	https://indianskinco.github.io/iss-catalog-images/p/19308772.jpg	in_stock	590.00 INR	Skin Habit Pvt Ltd	new	no	Health & Beauty > Personal Care > Cosmetics > Skin Care > Lotion & Moisturizer	Skincare > Moisturizers
19312197	Elume Night Stay Mask 50GM	Elume Night Stay Mask 50GM by Skin Habit Pvt Ltd. Anti-Aging product available at Indian Skin Store, the dermatologist-run skincare pharmacy by Indian Skin®. Pack size: 0.	https://www.indianskinstore.com/product/elume-night-stay-mask-50gm	https://indianskinco.github.io/iss-catalog-images/p/19312197.jpg	in_stock	830.00 INR	Skin Habit Pvt Ltd	new	no	Health & Beauty > Personal Care > Cosmetics > Skin Care > Anti-Aging Skin Care Kits	Skincare > Anti-Aging
19308774	Elume Oil Control Cleansin Gel 75ML	Elume Oil Control Cleansin Gel 75ML by Skin Habit Pvt Ltd. Cleansers product available at Indian Skin Store, the dermatologist-run skincare pharmacy by Indian Skin®. Pack size: 0.	https://www.indianskinstore.com/product/elume-oil-control-cleansin-gel-75ml	https://indianskinco.github.io/iss-catalog-images/p/19308774.jpg	in_stock	395.00 INR	Skin Habit Pvt Ltd	new	no	Health & Beauty > Personal Care > Cosmetics > Skin Care > Face Wash	Skincare > Cleansers
19308776	Elume Second Skin Clair 50GM	Elume Second Skin Clair 50GM by Skin Habit Pvt Ltd. Sun Protection product available at Indian Skin Store, the dermatologist-run skincare pharmacy by Indian Skin®. Pack size: 0.	https://www.indianskinstore.com/product/elume-second-skin-clair-50gm	https://indianskinco.github.io/iss-catalog-images/p/19308776.jpg	in_stock	875.00 INR	Skin Habit Pvt Ltd	new	no	Health & Beauty > Personal Care > Cosmetics > Sun Care	Skincare > Sun Protection
19308957	Elume Second Skin Nude 50GM	Elume Second Skin Nude 50GM by Skin Habit Pvt Ltd. Sun Protection product available at Indian Skin Store, the dermatologist-run skincare pharmacy by Indian Skin®. Pack size: 0.	https://www.indianskinstore.com/product/elume-second-skin-nude-50gm	https://indianskinco.github.io/iss-catalog-images/p/19308957.jpg	in_stock	875.00 INR	Skin Habit Pvt Ltd	new	no	Health & Beauty > Personal Care > Cosmetics > Sun Care	Skincare > Sun Protection
18861299	Emolene Cream 100gm	Emolene Cream 100gm by Torrent Pharmaceuticals Ltd.. Moisturizers product available at Indian Skin Store, the dermatologist-run skincare pharmacy by Indian Skin®. Pack size: 1*100G.	https://www.indianskinstore.com/product/emolene-cream-100gm	https://indianskinco.github.io/iss-catalog-images/p/18861299.jpg	in_stock	390.94 INR	Torrent Pharmaceuticals Ltd.	new	no	Health & Beauty > Personal Care > Cosmetics > Skin Care > Lotion & Moisturizer	Skincare > Moisturizers
19308962	Emolux Oc Moist 50GM	Emolux Oc Moist 50GM by Jaks Pharma Pvt Ltd. Moisturizers product available at Indian Skin Store, the dermatologist-run skincare pharmacy by Indian Skin®. Pack size: 0.	https://www.indianskinstore.com/product/emolux-oc-moist-50gm	https://indianskinco.github.io/iss-catalog-images/p/19308962.jpg	in_stock	480.00 INR	Jaks Pharma Pvt Ltd	new	no	Health & Beauty > Personal Care > Cosmetics > Skin Care > Lotion & Moisturizer	Skincare > Moisturizers
22911888	Epilight Spf 50	Epilight Spf 50 by Epi Dermizz. Sun Protection product available at Indian Skin Store, the dermatologist-run skincare pharmacy by Indian Skin®. Pack size: 75 GM.	https://www.indianskinstore.com/product/epilight-spf-50	https://indianskinco.github.io/iss-catalog-images/p/22911888.jpg	in_stock	900.00 INR	Epi Dermizz	new	no	Health & Beauty > Personal Care > Cosmetics > Sun Care	Skincare > Sun Protection
18861488	Episoft Ac Sunscreen	Episoft Ac Sunscreen by Glenmark Pharmaceuticals Ltd.. Sun Protection product available at Indian Skin Store, the dermatologist-run skincare pharmacy by Indian Skin®. Pack size: 1*75GM.	https://www.indianskinstore.com/product/episoft-ac-sunscreen	https://indianskinco.github.io/iss-catalog-images/p/18861488.jpg	in_stock	899.00 INR	Glenmark Pharmaceuticals Ltd.	new	no	Health & Beauty > Personal Care > Cosmetics > Sun Care	Skincare > Sun Protection
19312218	Ethiglo Face Wash 70GM	Ethiglo Face Wash 70GM by Ubik Solutions Pvt. Ltd. Cleansers product available at Indian Skin Store, the dermatologist-run skincare pharmacy by Indian Skin®. Pack size: 70G.	https://www.indianskinstore.com/product/ethiglo-face-wash-70gm	https://indianskinco.github.io/iss-catalog-images/p/19312218.jpg	in_stock	260.00 INR	Ubik Solutions Pvt. Ltd	new	no	Health & Beauty > Personal Care > Cosmetics > Skin Care > Face Wash	Skincare > Cleansers
19308986	Ez CO2 Mask 1	Ez CO2 Mask 1 by Lazhora. Mask product available at Indian Skin Store, the dermatologist-run skincare pharmacy by Indian Skin®. Pack size: 0.	https://www.indianskinstore.com/product/ez-co2-mask-1	https://indianskinco.github.io/iss-catalog-images/p/19308986.jpg	in_stock	1100.00 INR	Lazhora	new	no	Health & Beauty > Personal Care > Cosmetics > Skin Care > Facial Masks	Skincare > Mask
28775443	Facemoist Res-q	Facemoist Res-q by Canixa Life Sciences Pvt Ltd. Anti-Aging product available at Indian Skin Store, the dermatologist-run skincare pharmacy by Indian Skin®. Pack size: 30ML.	https://www.indianskinstore.com/product/facemoist-res-q	https://indianskinco.github.io/iss-catalog-images/p/28775443.jpg	in_stock	1390.00 INR	Canixa Life Sciences Pvt Ltd	new	no	Health & Beauty > Personal Care > Cosmetics > Skin Care > Anti-Aging Skin Care Kits	Skincare > Anti-Aging
19308989	Faciox Uv Sunscream 50GM	Faciox Uv Sunscream 50GM by Jaks Pharma Pvt Ltd. Sun Protection product available at Indian Skin Store, the dermatologist-run skincare pharmacy by Indian Skin®. Pack size: 50GM.	https://www.indianskinstore.com/product/faciox-uv-sunscream-50gm	https://indianskinco.github.io/iss-catalog-images/p/19308989.jpg	in_stock	850.00 INR	Jaks Pharma Pvt Ltd	new	no	Health & Beauty > Personal Care > Cosmetics > Sun Care	Skincare > Sun Protection
23931336	Fytocera Skin Moisturizing Cream	Fytocera Skin Moisturizing Cream by Ubik Solutions Pvt. Ltd. Moisturizers product available at Indian Skin Store, the dermatologist-run skincare pharmacy by Indian Skin®. Pack size: 50GM.	https://www.indianskinstore.com/product/fytocera-skin-moisturizing-cream	https://indianskinco.github.io/iss-catalog-images/p/23931336.jpg	in_stock	699.00 INR	Ubik Solutions Pvt. Ltd	new	no	Health & Beauty > Personal Care > Cosmetics > Skin Care > Lotion & Moisturizer	Skincare > Moisturizers
19309020	Glogeous F/w Gel 100gm	Glogeous F/w Gel 100gm by Torrent Pharmaceutical Ltd. Cleansers product available at Indian Skin Store, the dermatologist-run skincare pharmacy by Indian Skin®. Pack size: 0.	https://www.indianskinstore.com/product/glogeous-f/w-gel-100gm	https://indianskinco.github.io/iss-catalog-images/p/19309020.jpg	in_stock	1378.20 INR	Torrent Pharmaceutical Ltd	new	no	Health & Beauty > Personal Care > Cosmetics > Skin Care > Face Wash	Skincare > Cleansers
19309021	Glowcharge Ac F/w 100gm	Glowcharge Ac F/w 100gm by Nexina Healthcare. Cleansers product available at Indian Skin Store, the dermatologist-run skincare pharmacy by Indian Skin®. Pack size: 0.	https://www.indianskinstore.com/product/glowcharge-ac-f/w-100gm	https://indianskinco.github.io/iss-catalog-images/p/19309021.jpg	in_stock	395.00 INR	Nexina Healthcare	new	no	Health & Beauty > Personal Care > Cosmetics > Skin Care > Face Wash	Skincare > Cleansers
19309025	Glutafine F/w 70GM	Glutafine F/w 70GM by Ubik Solutions Pvt. Ltd. Cleansers product available at Indian Skin Store, the dermatologist-run skincare pharmacy by Indian Skin®. Pack size: 70G.	https://www.indianskinstore.com/product/glutafine-f/w-70gm	https://indianskinco.github.io/iss-catalog-images/p/19309025.jpg	in_stock	425.00 INR	Ubik Solutions Pvt. Ltd	new	no	Health & Beauty > Personal Care > Cosmetics > Skin Care > Face Wash	Skincare > Cleansers
19309026	Glutafinesaop 75GM	Glutafinesaop 75GM by Ubik Solutions Pvt. Ltd. Cleansers product available at Indian Skin Store, the dermatologist-run skincare pharmacy by Indian Skin®. Pack size: 0.	https://www.indianskinstore.com/product/glutafinesaop-75gm	https://indianskinco.github.io/iss-catalog-images/p/19309026.jpg	in_stock	177.07 INR	Ubik Solutions Pvt. Ltd	new	no	Health & Beauty > Personal Care > Cosmetics > Skin Care > Face Wash	Skincare > Cleansers
25917716	Glutatbar	Glutatbar by Oatmi Healthcare. Cleansers product available at Indian Skin Store, the dermatologist-run skincare pharmacy by Indian Skin®. Pack size: 75GM.	https://www.indianskinstore.com/product/glutatbar	https://indianskinco.github.io/iss-catalog-images/p/25917716.jpg	in_stock	165.00 INR	Oatmi Healthcare	new	no	Health & Beauty > Personal Care > Cosmetics > Skin Care > Face Wash	Skincare > Cleansers
25503311	Hyblock-m Gel	Hyblock-m Gel by Regaliz Medicare Limited. Moisturizers product available at Indian Skin Store, the dermatologist-run skincare pharmacy by Indian Skin®. Pack size: 50GM3.	https://www.indianskinstore.com/product/hyblock-m-gel	https://indianskinco.github.io/iss-catalog-images/p/25503311.jpg	in_stock	399.00 INR	Regaliz Medicare Limited	new	no	Health & Beauty > Personal Care > Cosmetics > Skin Care > Lotion & Moisturizer	Skincare > Moisturizers
27013568	Hydra Boost Gel	Hydra Boost Gel by Revluk. Moisturizers product available at Indian Skin Store, the dermatologist-run skincare pharmacy by Indian Skin®. Pack size: 50ML.	https://www.indianskinstore.com/product/hydra-boost-gel	https://indianskinco.github.io/iss-catalog-images/p/27013568.jpg	in_stock	629.00 INR	Revluk	new	no	Health & Beauty > Personal Care > Cosmetics > Skin Care > Lotion & Moisturizer	Skincare > Moisturizers
22980852	Hydrasun Sunscreen	Hydrasun Sunscreen by Ubik Solution Pvt Ltd. Sun Protection product available at Indian Skin Store, the dermatologist-run skincare pharmacy by Indian Skin®. Pack size: 30G.	https://www.indianskinstore.com/product/hydrasun-sunscreen	https://indianskinco.github.io/iss-catalog-images/p/22980852.jpg	in_stock	310.00 INR	Ubik Solution Pvt Ltd	new	no	Health & Beauty > Personal Care > Cosmetics > Sun Care	Skincare > Sun Protection
18867928	Hydravo Skin Renewing	Hydravo Skin Renewing by Linux Laboratories. Moisturizers product available at Indian Skin Store, the dermatologist-run skincare pharmacy by Indian Skin®. Pack size: 50GM.	https://www.indianskinstore.com/product/hydravo-skin-renewing	https://indianskinco.github.io/iss-catalog-images/p/18867928.jpg	in_stock	630.00 INR	Linux Laboratories	new	no	Health & Beauty > Personal Care > Cosmetics > Skin Care > Lotion & Moisturizer	Skincare > Moisturizers
19309636	Hydronic Lip Balm 8GM	Hydronic Lip Balm 8GM by Regaliz Medicare Limited. Lipcare product available at Indian Skin Store, the dermatologist-run skincare pharmacy by Indian Skin®. Pack size: 0.	https://www.indianskinstore.com/product/hydronic-lip-balm-8gm	https://indianskinco.github.io/iss-catalog-images/p/19309636.jpg	in_stock	369.00 INR	Regaliz Medicare Limited	new	no	Health & Beauty > Personal Care > Cosmetics > Skin Care > Lip Balms & Treatments	Skincare > Lipcare
19309637	Hydronic Lip Serum 4.5ml	Hydronic Lip Serum 4.5ml by Regaliz Medicare Limited. Lipcare product available at Indian Skin Store, the dermatologist-run skincare pharmacy by Indian Skin®. Pack size: 0.	https://www.indianskinstore.com/product/hydronic-lip-serum-4.5ml	https://indianskinco.github.io/iss-catalog-images/p/19309637.jpg	in_stock	259.00 INR	Regaliz Medicare Limited	new	no	Health & Beauty > Personal Care > Cosmetics > Skin Care > Lip Balms & Treatments	Skincare > Lipcare
19312324	Hydronic Lot 80ML	Hydronic Lot 80ML by Regaliz Medicare Limited. Moisturizers product available at Indian Skin Store, the dermatologist-run skincare pharmacy by Indian Skin®. Pack size: 0.	https://www.indianskinstore.com/product/hydronic-lot-80ml	https://indianskinco.github.io/iss-catalog-images/p/19312324.jpg	in_stock	369.00 INR	Regaliz Medicare Limited	new	no	Health & Beauty > Personal Care > Cosmetics > Skin Care > Lotion & Moisturizer	Skincare > Moisturizers
22368819	Hytec Nu Icy Gel	Hytec Nu Icy Gel by Linux Laboratories. Anti-Aging product available at Indian Skin Store, the dermatologist-run skincare pharmacy by Indian Skin®. Pack size: 50 GM.	https://www.indianskinstore.com/product/hytec-nu-icy-gel	https://indianskinco.github.io/iss-catalog-images/p/22368819.jpg	in_stock	819.00 INR	Linux Laboratories	new	no	Health & Beauty > Personal Care > Cosmetics > Skin Care > Anti-Aging Skin Care Kits	Skincare > Anti-Aging
25027411	Insta Hydro Lotion	Insta Hydro Lotion by Not Available. Moisturizers product available at Indian Skin Store, the dermatologist-run skincare pharmacy by Indian Skin®. Pack size: 100ML.	https://www.indianskinstore.com/product/insta-hydro-lotion	https://indianskinco.github.io/iss-catalog-images/p/25027411.jpg	in_stock	599.00 INR	Not Available	new	no	Health & Beauty > Personal Care > Cosmetics > Skin Care > Lotion & Moisturizer	Skincare > Moisturizers
19858575	Intense 3 Facewash	Intense 3 Facewash by Skin Factor Pharmaceuticals. Cleansers product available at Indian Skin Store, the dermatologist-run skincare pharmacy by Indian Skin®. Pack size: 70ML.	https://www.indianskinstore.com/product/intense-3-facewash	https://indianskinco.github.io/iss-catalog-images/p/19858575.jpg	in_stock	299.00 INR	Skin Factor Pharmaceuticals	new	no	Health & Beauty > Personal Care > Cosmetics > Skin Care > Face Wash	Skincare > Cleansers
20266563	Isolips Serum	Isolips Serum by Cosmosafe Healthcare Pvt Ltd. Lipcare product available at Indian Skin Store, the dermatologist-run skincare pharmacy by Indian Skin®. Pack size: 4ML.	https://www.indianskinstore.com/product/isolips-serum	https://indianskinco.github.io/iss-catalog-images/p/20266563.jpg	in_stock	452.00 INR	Cosmosafe Healthcare Pvt Ltd	new	no	Health & Beauty > Personal Care > Cosmetics > Skin Care > Lip Balms & Treatments	Skincare > Lipcare
28775909	Ivorine Cream Cleanser	Ivorine Cream Cleanser by Ceuticoz. Cleansers product available at Indian Skin Store, the dermatologist-run skincare pharmacy by Indian Skin®. Pack size: 100 ML.	https://www.indianskinstore.com/product/ivorine-cream-cleanser	https://indianskinco.github.io/iss-catalog-images/p/28775909.jpg	in_stock	650.00 INR	Ceuticoz	new	no	Health & Beauty > Personal Care > Cosmetics > Skin Care > Face Wash	Skincare > Cleansers
28775911	Ivorine Daily Moisturiser	Ivorine Daily Moisturiser by Ceuticoz. Moisturizers product available at Indian Skin Store, the dermatologist-run skincare pharmacy by Indian Skin®. Pack size: 100 GM.	https://www.indianskinstore.com/product/ivorine-daily-moisturiser	https://indianskinco.github.io/iss-catalog-images/p/28775911.jpg	in_stock	990.00 INR	Ceuticoz	new	no	Health & Beauty > Personal Care > Cosmetics > Skin Care > Lotion & Moisturizer	Skincare > Moisturizers
28781888	Ivorine Synergy Toner	Ivorine Synergy Toner by Ceuticoz. Moisturizers product available at Indian Skin Store, the dermatologist-run skincare pharmacy by Indian Skin®. Pack size: 100 ML.	https://www.indianskinstore.com/product/ivorine-synergy-toner	https://indianskinco.github.io/iss-catalog-images/p/28781888.jpg	in_stock	595.00 INR	Ceuticoz	new	no	Health & Beauty > Personal Care > Cosmetics > Skin Care > Lotion & Moisturizer	Skincare > Moisturizers
18869471	Klmklin Face Wash 100ml	Klmklin Face Wash 100ml by Klm Lab. Cleansers product available at Indian Skin Store, the dermatologist-run skincare pharmacy by Indian Skin®. Pack size: 1*100.	https://www.indianskinstore.com/product/klmklin--face-wash-100ml	https://indianskinco.github.io/iss-catalog-images/p/18869471.jpg	in_stock	345.00 INR	Klm Lab	new	no	Health & Beauty > Personal Care > Cosmetics > Skin Care > Face Wash	Skincare > Cleansers
18855831	Lipidz Cream	Lipidz Cream by Ethicare Remedies. Moisturizers product available at Indian Skin Store, the dermatologist-run skincare pharmacy by Indian Skin®. Pack size: 1*50GM.	https://www.indianskinstore.com/product/lipidz-cream	https://indianskinco.github.io/iss-catalog-images/p/18855831.jpg	in_stock	260.00 INR	Ethicare Remedies	new	no	Health & Beauty > Personal Care > Cosmetics > Skin Care > Lotion & Moisturizer	Skincare > Moisturizers
28621150	Lipso	Lipso by Forman Medics Pvt Ltd. Lipcare product available at Indian Skin Store, the dermatologist-run skincare pharmacy by Indian Skin®. Pack size: 15GM.	https://www.indianskinstore.com/product/lipso	https://indianskinco.github.io/iss-catalog-images/p/28621150.jpg	in_stock	150.00 INR	Forman Medics Pvt Ltd	new	no	Health & Beauty > Personal Care > Cosmetics > Skin Care > Lip Balms & Treatments	Skincare > Lipcare
19309704	Lipz 9GM	Lipz 9GM by Ubik Solutions Pvt. Ltd. Lipcare product available at Indian Skin Store, the dermatologist-run skincare pharmacy by Indian Skin®. Pack size: 0.	https://www.indianskinstore.com/product/lipz-9gm	https://indianskinco.github.io/iss-catalog-images/p/19309704.jpg	in_stock	110.00 INR	Ubik Solutions Pvt. Ltd	new	no	Health & Beauty > Personal Care > Cosmetics > Skin Care > Lip Balms & Treatments	Skincare > Lipcare
19309705	Lipzlite Cream 15GM	Lipzlite Cream 15GM by Ubik Solutions Pvt. Ltd. Lipcare product available at Indian Skin Store, the dermatologist-run skincare pharmacy by Indian Skin®. Pack size: 0.	https://www.indianskinstore.com/product/lipzlite-cream-15gm	https://indianskinco.github.io/iss-catalog-images/p/19309705.jpg	in_stock	269.00 INR	Ubik Solutions Pvt. Ltd	new	no	Health & Beauty > Personal Care > Cosmetics > Skin Care > Lip Balms & Treatments	Skincare > Lipcare
26054679	Liscia Moist	Liscia Moist by Atopic Laboratories Pvt.Ltd.,. Moisturizers product available at Indian Skin Store, the dermatologist-run skincare pharmacy by Indian Skin®. Pack size: 50GM.	https://www.indianskinstore.com/product/liscia-moist	https://indianskinco.github.io/iss-catalog-images/p/26054679.jpg	in_stock	499.00 INR	Atopic Laboratories Pvt.Ltd.,	new	no	Health & Beauty > Personal Care > Cosmetics > Skin Care > Lotion & Moisturizer	Skincare > Moisturizers
19310087	Lytec Klense 100ml	Lytec Klense 100ml by Aakar Medical Technologies Pvt Ltd. Cleansers product available at Indian Skin Store, the dermatologist-run skincare pharmacy by Indian Skin®. Pack size: 100ML.	https://www.indianskinstore.com/product/lytec-klense-100ml	https://indianskinco.github.io/iss-catalog-images/p/19310087.jpg	in_stock	690.00 INR	Aakar Medical Technologies Pvt Ltd	new	no	Health & Beauty > Personal Care > Cosmetics > Skin Care > Face Wash	Skincare > Cleansers
19310089	Maskealing Rx Hyaluronic 90GM	Maskealing Rx Hyaluronic 90GM by Ranq Llp.. Mask product available at Indian Skin Store, the dermatologist-run skincare pharmacy by Indian Skin®. Pack size: 0.	https://www.indianskinstore.com/product/maskealing-rx-hyaluronic-90gm	https://indianskinco.github.io/iss-catalog-images/p/19310089.jpg	in_stock	450.00 INR	Ranq Llp.	new	no	Health & Beauty > Personal Care > Cosmetics > Skin Care > Facial Masks	Skincare > Mask
19310090	Maskealing Rx Rich Gold 90GM	Maskealing Rx Rich Gold 90GM by Ranq Llp.. Mask product available at Indian Skin Store, the dermatologist-run skincare pharmacy by Indian Skin®. Pack size: 0.	https://www.indianskinstore.com/product/maskealing-rx-rich-gold-90gm	https://indianskinco.github.io/iss-catalog-images/p/19310090.jpg	in_stock	500.00 INR	Ranq Llp.	new	no	Health & Beauty > Personal Care > Cosmetics > Skin Care > Facial Masks	Skincare > Mask
28790682	Maskosun Aura	Maskosun Aura by Encore Healthcare Pvt Ltd. Sun Protection product available at Indian Skin Store, the dermatologist-run skincare pharmacy by Indian Skin®. Pack size: 50 ML.	https://www.indianskinstore.com/product/maskosun-aura	https://indianskinco.github.io/iss-catalog-images/p/28790682.jpg	in_stock	425.00 INR	Encore Healthcare Pvt Ltd	new	no	Health & Beauty > Personal Care > Cosmetics > Sun Care	Skincare > Sun Protection
28830706	Melarid Pigment Sunscreen	Melarid Pigment Sunscreen by Yuderma. Sun Protection product available at Indian Skin Store, the dermatologist-run skincare pharmacy by Indian Skin®. Pack size: 50 ML.	https://www.indianskinstore.com/product/melarid-pigment-sunscreen	https://indianskinco.github.io/iss-catalog-images/p/28830706.jpg	in_stock	990.00 INR	Yuderma	new	no	Health & Beauty > Personal Care > Cosmetics > Sun Care	Skincare > Sun Protection
19310120	Moduseb Moist 50G	Moduseb Moist 50G by Ceuticoz. Moisturizers product available at Indian Skin Store, the dermatologist-run skincare pharmacy by Indian Skin®. Pack size: 0.	https://www.indianskinstore.com/product/moduseb-moist-50g	https://indianskinco.github.io/iss-catalog-images/p/19310120.jpg	in_stock	590.00 INR	Ceuticoz	new	no	Health & Beauty > Personal Care > Cosmetics > Skin Care > Lotion & Moisturizer	Skincare > Moisturizers
19310123	Moisawave Moisturizing Cream 100gm	Moisawave Moisturizing Cream 100gm by Mankind Pharma Pvt Ltd. Moisturizers product available at Indian Skin Store, the dermatologist-run skincare pharmacy by Indian Skin®. Pack size: 100G.	https://www.indianskinstore.com/product/moisawave-moisturizing-cream-100gm	https://indianskinco.github.io/iss-catalog-images/p/19310123.jpg	in_stock	460.00 INR	Mankind Pharma Pvt Ltd	new	no	Health & Beauty > Personal Care > Cosmetics > Skin Care > Lotion & Moisturizer	Skincare > Moisturizers
19310124	Moiser Fm Gel 50ML	Moiser Fm Gel 50ML by Kepler Healthcare Pvt Ltd. Moisturizers product available at Indian Skin Store, the dermatologist-run skincare pharmacy by Indian Skin®. Pack size: 50ML.	https://www.indianskinstore.com/product/moiser-fm-gel-50ml	https://indianskinco.github.io/iss-catalog-images/p/19310124.jpg	in_stock	750.00 INR	Kepler Healthcare Pvt Ltd	new	no	Health & Beauty > Personal Care > Cosmetics > Skin Care > Lotion & Moisturizer	Skincare > Moisturizers
19310126	Moiz Cleansing Lotion 200ml	Moiz Cleansing Lotion 200ml by Glowderma Labs Pvt Ltd. Cleansers product available at Indian Skin Store, the dermatologist-run skincare pharmacy by Indian Skin®. Pack size: 0.	https://www.indianskinstore.com/product/moiz-cleansing-lotion-200ml	https://indianskinco.github.io/iss-catalog-images/p/19310126.jpg	in_stock	460.00 INR	Glowderma Labs Pvt Ltd	new	no	Health & Beauty > Personal Care > Cosmetics > Skin Care > Face Wash	Skincare > Cleansers
18861678	Moiz Lmf 48 Lotion	Moiz Lmf 48 Lotion by Glowderma Labs Pvt Ltd. Moisturizers product available at Indian Skin Store, the dermatologist-run skincare pharmacy by Indian Skin®. Pack size: 1*75ML.	https://www.indianskinstore.com/product/moiz-lmf-48-lotion	https://indianskinco.github.io/iss-catalog-images/p/18861678.jpg	in_stock	375.00 INR	Glowderma Labs Pvt Ltd	new	no	Health & Beauty > Personal Care > Cosmetics > Skin Care > Lotion & Moisturizer	Skincare > Moisturizers
18845305	Nivea Cream 25GM	Nivea Cream 25GM by Nivea India Pvt Ltd. Moisturizers product available at Indian Skin Store, the dermatologist-run skincare pharmacy by Indian Skin®. Pack size: 25GM.	https://www.indianskinstore.com/product/nivea-cream-25gm	https://indianskinco.github.io/iss-catalog-images/p/18845305.jpg	in_stock	150.00 INR	Nivea India Pvt Ltd	new	no	Health & Beauty > Personal Care > Cosmetics > Skin Care > Lotion & Moisturizer	Skincare > Moisturizers
19310144	Nubase Aqua Soft Cream 50GM	Nubase Aqua Soft Cream 50GM by Entod Pharmaceuticals Ltd. Sun Protection product available at Indian Skin Store, the dermatologist-run skincare pharmacy by Indian Skin®. Pack size: 0.	https://www.indianskinstore.com/product/nubase-aqua-soft-cream-50gm	https://indianskinco.github.io/iss-catalog-images/p/19310144.jpg	in_stock	900.00 INR	Entod Pharmaceuticals Ltd	new	no	Health & Beauty > Personal Care > Cosmetics > Sun Care	Skincare > Sun Protection
29473753	O Wash Facewash	O Wash Facewash. Cleansers product available at Indian Skin Store, the dermatologist-run skincare pharmacy by Indian Skin®. Pack size: 150ML.	https://www.indianskinstore.com/product/o-wash-facewash	https://indianskinco.github.io/iss-catalog-images/p/29473753.jpg	in_stock	625.00 INR	Indian Skin Store	new	no	Health & Beauty > Personal Care > Cosmetics > Skin Care > Face Wash	Skincare > Cleansers
28854103	Omniacne Facewash	Omniacne Facewash by Omniceutics. Cleansers product available at Indian Skin Store, the dermatologist-run skincare pharmacy by Indian Skin®. Pack size: 0.	https://www.indianskinstore.com/product/omniacne-facewash	https://indianskinco.github.io/iss-catalog-images/p/28854103.jpg	in_stock	595.00 INR	Omniceutics	new	no	Health & Beauty > Personal Care > Cosmetics > Skin Care > Face Wash	Skincare > Cleansers
18860771	Oryza Cream	Oryza Cream by Alembic Pharmaceuticals Ltd. Moisturizers product available at Indian Skin Store, the dermatologist-run skincare pharmacy by Indian Skin®. Pack size: 1*50G.	https://www.indianskinstore.com/product/oryza-cream	https://indianskinco.github.io/iss-catalog-images/p/18860771.jpg	in_stock	895.00 INR	Alembic Pharmaceuticals Ltd	new	no	Health & Beauty > Personal Care > Cosmetics > Skin Care > Lotion & Moisturizer	Skincare > Moisturizers
29246653	Peony Beauty Face Serum	Peony Beauty Face Serum by Eraise Glad Healthcare. Anti-Aging product available at Indian Skin Store, the dermatologist-run skincare pharmacy by Indian Skin®. Pack size: 30ML.	https://www.indianskinstore.com/product/peony-beauty-face-serum	https://indianskinco.github.io/iss-catalog-images/p/29246653.jpg	in_stock	1239.00 INR	Eraise Glad Healthcare	new	no	Health & Beauty > Personal Care > Cosmetics > Skin Care > Anti-Aging Skin Care Kits	Skincare > Anti-Aging
19310683	Ray Protect Tint 30ML	Ray Protect Tint 30ML by Dermatica Laboratories Pvt Ltd. Sun Protection product available at Indian Skin Store, the dermatologist-run skincare pharmacy by Indian Skin®. Pack size: 36ML.	https://www.indianskinstore.com/product/ray-protect-tint-30ml	https://indianskinco.github.io/iss-catalog-images/p/19310683.jpg	in_stock	1080.00 INR	Dermatica Laboratories Pvt Ltd	new	no	Health & Beauty > Personal Care > Cosmetics > Sun Care	Skincare > Sun Protection
28848557	Renewderm Ha	Renewderm Ha by Palsons Drugs Private Limited.. Moisturizers product available at Indian Skin Store, the dermatologist-run skincare pharmacy by Indian Skin®. Pack size: 40GM.	https://www.indianskinstore.com/product/renewderm-ha	https://indianskinco.github.io/iss-catalog-images/p/28848557.jpg	in_stock	649.00 INR	Palsons Drugs Private Limited.	new	no	Health & Beauty > Personal Care > Cosmetics > Skin Care > Lotion & Moisturizer	Skincare > Moisturizers
24888957	Ridacne-sa	Ridacne-sa by Palsons Drugs Private Limited.. Moisturizers product available at Indian Skin Store, the dermatologist-run skincare pharmacy by Indian Skin®. Pack size: 40GM.	https://www.indianskinstore.com/product/ridacne-sa	https://indianskinco.github.io/iss-catalog-images/p/24888957.jpg	in_stock	599.00 INR	Palsons Drugs Private Limited.	new	no	Health & Beauty > Personal Care > Cosmetics > Skin Care > Lotion & Moisturizer	Skincare > Moisturizers
28785511	Ridacne-sa Face Wash	Ridacne-sa Face Wash by Palsons Drugs Private Limited.. Cleansers product available at Indian Skin Store, the dermatologist-run skincare pharmacy by Indian Skin®. Pack size: 100ML.	https://www.indianskinstore.com/product/ridacne-sa-face-wash	https://indianskinco.github.io/iss-catalog-images/p/28785511.jpg	in_stock	549.00 INR	Palsons Drugs Private Limited.	new	no	Health & Beauty > Personal Care > Cosmetics > Skin Care > Face Wash	Skincare > Cleansers
19310702	Rivela Lite S/c 60G	Rivela Lite S/c 60G by Cipla Health Limited. Sun Protection product available at Indian Skin Store, the dermatologist-run skincare pharmacy by Indian Skin®. Pack size: 0.	https://www.indianskinstore.com/product/rivela-lite-s/c-60g	https://indianskinco.github.io/iss-catalog-images/p/19310702.jpg	in_stock	1290.50 INR	Cipla Health Limited	new	no	Health & Beauty > Personal Care > Cosmetics > Sun Care	Skincare > Sun Protection
29011416	Roof-25 Spf 60ML	Roof-25 Spf 60ML by Nidus Pharma Pvt Ltd.. Sun Protection product available at Indian Skin Store, the dermatologist-run skincare pharmacy by Indian Skin®. Pack size: 0.	https://www.indianskinstore.com/product/roof-25-spf-60ml	https://indianskinco.github.io/iss-catalog-images/p/29011416.jpg	in_stock	240.00 INR	Nidus Pharma Pvt Ltd.	new	no	Health & Beauty > Personal Care > Cosmetics > Sun Care	Skincare > Sun Protection
19310704	Roof-50 S/c Lotion 100ml	Roof-50 S/c Lotion 100ml by Nidus Pharma Pvt Ltd.. Sun Protection product available at Indian Skin Store, the dermatologist-run skincare pharmacy by Indian Skin®. Pack size: 0.	https://www.indianskinstore.com/product/roof-50-s/c-lotion-100ml	https://indianskinco.github.io/iss-catalog-images/p/19310704.jpg	in_stock	365.00 INR	Nidus Pharma Pvt Ltd.	new	no	Health & Beauty > Personal Care > Cosmetics > Sun Care	Skincare > Sun Protection
18864921	Sebium Gel Moussant	Sebium Gel Moussant by Bioderma. Cleansers product available at Indian Skin Store, the dermatologist-run skincare pharmacy by Indian Skin®. Pack size: 1*200ML.	https://www.indianskinstore.com/product/sebium-gel-moussant	https://indianskinco.github.io/iss-catalog-images/p/18864921.jpg	in_stock	549.00 INR	Bioderma	new	no	Health & Beauty > Personal Care > Cosmetics > Skin Care > Face Wash	Skincare > Cleansers
20198890	Sebo Bloc Face Wash	Sebo Bloc Face Wash by Bihans. Cleansers product available at Indian Skin Store, the dermatologist-run skincare pharmacy by Indian Skin®. Pack size: 50GM.	https://www.indianskinstore.com/product/sebo-bloc-face-wash	https://indianskinco.github.io/iss-catalog-images/p/20198890.jpg	in_stock	242.00 INR	Bihans	new	no	Health & Beauty > Personal Care > Cosmetics > Skin Care > Face Wash	Skincare > Cleansers
19310716	Sebonac Facewash 75G	Sebonac Facewash 75G by Tricos Dermatology Pvt Ltd. Cleansers product available at Indian Skin Store, the dermatologist-run skincare pharmacy by Indian Skin®. Pack size: 0.	https://www.indianskinstore.com/product/sebonac-facewash-75g	https://indianskinco.github.io/iss-catalog-images/p/19310716.jpg	in_stock	340.00 INR	Tricos Dermatology Pvt Ltd	new	no	Health & Beauty > Personal Care > Cosmetics > Skin Care > Face Wash	Skincare > Cleansers
19310718	Seekcaus Hyrda S/c 50GM	Seekcaus Hyrda S/c 50GM by Dermis Oracle. Sun Protection product available at Indian Skin Store, the dermatologist-run skincare pharmacy by Indian Skin®. Pack size: 0.	https://www.indianskinstore.com/product/seekcaus-hyrda-s/c-50gm	https://indianskinco.github.io/iss-catalog-images/p/19310718.jpg	in_stock	949.00 INR	Dermis Oracle	new	no	Health & Beauty > Personal Care > Cosmetics > Sun Care	Skincare > Sun Protection
20266552	Selfyskin Lip Balm Hac	Selfyskin Lip Balm Hac by Cosmosafe Healthcare Pvt . Lipcare product available at Indian Skin Store, the dermatologist-run skincare pharmacy by Indian Skin®. Pack size: 4GM.	https://www.indianskinstore.com/product/selfyskin-lip-balm-hac	https://indianskinco.github.io/iss-catalog-images/p/20266552.jpg	in_stock	380.00 INR	Cosmosafe Healthcare Pvt 	new	no	Health & Beauty > Personal Care > Cosmetics > Skin Care > Lip Balms & Treatments	Skincare > Lipcare
19310723	Sensylia 24H Legree 40ML	Sensylia 24H Legree 40ML by Bioderma. Moisturizers product available at Indian Skin Store, the dermatologist-run skincare pharmacy by Indian Skin®. Pack size: 0.	https://www.indianskinstore.com/product/sensylia-24h-legree-40ml	https://indianskinco.github.io/iss-catalog-images/p/19310723.jpg	in_stock	1350.00 INR	Bioderma	new	no	Health & Beauty > Personal Care > Cosmetics > Skin Care > Lotion & Moisturizer	Skincare > Moisturizers
28936180	Sesderma Azelac Ru Serum 30ML	Sesderma Azelac Ru Serum 30ML by Sesderma India Pvt Ltd. Anti-Aging product available at Indian Skin Store, the dermatologist-run skincare pharmacy by Indian Skin®. Pack size: 30ML.	https://www.indianskinstore.com/product/sesderma-azelac-ru-serum-30ml	https://indianskinco.github.io/iss-catalog-images/p/28936180.jpg	in_stock	2650.00 INR	Sesderma India Pvt Ltd	new	no	Health & Beauty > Personal Care > Cosmetics > Skin Care > Anti-Aging Skin Care Kits	Skincare > Anti-Aging
28936183	Sesderma Retiage Cream 50ML	Sesderma Retiage Cream 50ML by Sesderma India Pvt Ltd. Anti-Aging product available at Indian Skin Store, the dermatologist-run skincare pharmacy by Indian Skin®. Pack size: 0.	https://www.indianskinstore.com/product/sesderma-retiage-cream-50ml	https://indianskinco.github.io/iss-catalog-images/p/28936183.jpg	in_stock	3600.00 INR	Sesderma India Pvt Ltd	new	no	Health & Beauty > Personal Care > Cosmetics > Skin Care > Anti-Aging Skin Care Kits	Skincare > Anti-Aging
19311286	Skinlumet Spf 50 60GM	Skinlumet Spf 50 60GM by Skin Science Laboratories Pvt Ltd. Sun Protection product available at Indian Skin Store, the dermatologist-run skincare pharmacy by Indian Skin®. Pack size: 0.	https://www.indianskinstore.com/product/skinlumet-spf-50-60gm	https://indianskinco.github.io/iss-catalog-images/p/19311286.jpg	in_stock	495.00 INR	Skin Science Laboratories Pvt Ltd	new	no	Health & Beauty > Personal Care > Cosmetics > Sun Care	Skincare > Sun Protection
19311295	Solasafe Sportz Sunscreen 50GM	Solasafe Sportz Sunscreen 50GM by Regaliz Medicare Limited. Sun Protection product available at Indian Skin Store, the dermatologist-run skincare pharmacy by Indian Skin®. Pack size: 50GM.	https://www.indianskinstore.com/product/solasafe-sportz-sunscreen-50gm	https://indianskinco.github.io/iss-catalog-images/p/19311295.jpg	in_stock	789.00 INR	Regaliz Medicare Limited	new	no	Health & Beauty > Personal Care > Cosmetics > Sun Care	Skincare > Sun Protection
19515892	Solasafe Suncreen Gel	Solasafe Suncreen Gel by Regaliz Medicare Limited. Sun Protection product available at Indian Skin Store, the dermatologist-run skincare pharmacy by Indian Skin®. Pack size: 1*50G.	https://www.indianskinstore.com/product/solasafe-suncreen-gel	https://indianskinco.github.io/iss-catalog-images/p/19515892.jpg	in_stock	769.00 INR	Regaliz Medicare Limited	new	no	Health & Beauty > Personal Care > Cosmetics > Sun Care	Skincare > Sun Protection
29045875	Splash Mineral Solarize 50spf	Splash Mineral Solarize 50spf by Lazhora. Sun Protection product available at Indian Skin Store, the dermatologist-run skincare pharmacy by Indian Skin®. Pack size: 50G.	https://www.indianskinstore.com/product/splash-mineral-solarize-50spf	https://indianskinco.github.io/iss-catalog-images/p/29045875.jpg	in_stock	750.00 INR	Lazhora	new	no	Health & Beauty > Personal Care > Cosmetics > Sun Care	Skincare > Sun Protection
29045873	Splash-uv Tint Solarize 50spf	Splash-uv Tint Solarize 50spf by Lazhora. Sun Protection product available at Indian Skin Store, the dermatologist-run skincare pharmacy by Indian Skin®. Pack size: 50G.	https://www.indianskinstore.com/product/splash-uv-tint-solarize-50spf	https://indianskinco.github.io/iss-catalog-images/p/29045873.jpg	in_stock	745.00 INR	Lazhora	new	no	Health & Beauty > Personal Care > Cosmetics > Sun Care	Skincare > Sun Protection
18877982	Suncote Gel 100gm	Suncote Gel 100gm by Torrent Pharmaceuticals Ltd.. Sun Protection product available at Indian Skin Store, the dermatologist-run skincare pharmacy by Indian Skin®. Pack size: 1*100GM.	https://www.indianskinstore.com/product/suncote-gel-100gm	https://indianskinco.github.io/iss-catalog-images/p/18877982.jpg	in_stock	658.00 INR	Torrent Pharmaceuticals Ltd.	new	no	Health & Beauty > Personal Care > Cosmetics > Sun Care	Skincare > Sun Protection
25571819	Suncros Neo Spf75+gel	Suncros Neo Spf75+gel by Sun Pharmaceutical Industries Ltd. Sun Protection product available at Indian Skin Store, the dermatologist-run skincare pharmacy by Indian Skin®. Pack size: 50GM.	https://www.indianskinstore.com/product/suncros-neo-spf75+gel	https://indianskinco.github.io/iss-catalog-images/p/25571819.jpg	in_stock	925.00 INR	Sun Pharmaceutical Industries Ltd	new	no	Health & Beauty > Personal Care > Cosmetics > Sun Care	Skincare > Sun Protection
25916894	Sunmate Max Spf100+	Sunmate Max Spf100+ by Palsons Drugs & Chemical Industries. Sun Protection product available at Indian Skin Store, the dermatologist-run skincare pharmacy by Indian Skin®. Pack size: 50GM.	https://www.indianskinstore.com/product/sunmate-max-spf100+	https://indianskinco.github.io/iss-catalog-images/p/25916894.jpg	in_stock	999.00 INR	Palsons Drugs & Chemical Industries	new	no	Health & Beauty > Personal Care > Cosmetics > Sun Care	Skincare > Sun Protection
20606162	Sunstop 19 Sunscreen	Sunstop 19 Sunscreen by Ajanta Pharma Ltd. Sun Protection product available at Indian Skin Store, the dermatologist-run skincare pharmacy by Indian Skin®. Pack size: 60GM.	https://www.indianskinstore.com/product/sunstop-19-sunscreen	https://indianskinco.github.io/iss-catalog-images/p/20606162.jpg	in_stock	361.00 INR	Ajanta Pharma Ltd	new	no	Health & Beauty > Personal Care > Cosmetics > Sun Care	Skincare > Sun Protection
29242574	Sunstop Silk Cream	Sunstop Silk Cream by Ajanta Pharma Ltd. Sun Protection product available at Indian Skin Store, the dermatologist-run skincare pharmacy by Indian Skin®. Pack size: 50gm.	https://www.indianskinstore.com/product/sunstop-silk-cream	https://indianskinco.github.io/iss-catalog-images/p/29242574.jpg	in_stock	783.00 INR	Ajanta Pharma Ltd	new	no	Health & Beauty > Personal Care > Cosmetics > Sun Care	Skincare > Sun Protection
19311307	Suntris Spf-50 50GM	Suntris Spf-50 50GM by Mylan Pharma. Sun Protection product available at Indian Skin Store, the dermatologist-run skincare pharmacy by Indian Skin®. Pack size: 50GM.	https://www.indianskinstore.com/product/suntris-spf-50-50gm	https://indianskinco.github.io/iss-catalog-images/p/19311307.jpg	in_stock	709.00 INR	Mylan Pharma	new	no	Health & Beauty > Personal Care > Cosmetics > Sun Care	Skincare > Sun Protection
29180200	Truderma Exocica Se	Truderma Exocica Se by Regaliz Medicare Limited. Anti-Aging product available at Indian Skin Store, the dermatologist-run skincare pharmacy by Indian Skin®. Pack size: 30ML.	https://www.indianskinstore.com/product/truderma-exocica-se	https://indianskinco.github.io/iss-catalog-images/p/29180200.jpg	in_stock	2499.00 INR	Regaliz Medicare Limited	new	no	Health & Beauty > Personal Care > Cosmetics > Skin Care > Anti-Aging Skin Care Kits	Skincare > Anti-Aging
19311346	Truderma Regen Night 30ML	Truderma Regen Night 30ML by Regaliz Medicare Limited. Anti-Aging product available at Indian Skin Store, the dermatologist-run skincare pharmacy by Indian Skin®. Pack size: 0.	https://www.indianskinstore.com/product/truderma-regen-night-30ml	https://indianskinco.github.io/iss-catalog-images/p/19311346.jpg	in_stock	1249.00 INR	Regaliz Medicare Limited	new	no	Health & Beauty > Personal Care > Cosmetics > Skin Care > Anti-Aging Skin Care Kits	Skincare > Anti-Aging
19311347	Truderma Sunscreen 50GM	Truderma Sunscreen 50GM by Regaliz Medicare Limited. Sun Protection product available at Indian Skin Store, the dermatologist-run skincare pharmacy by Indian Skin®. Pack size: 0.	https://www.indianskinstore.com/product/truderma-sunscreen-50gm	https://indianskinco.github.io/iss-catalog-images/p/19311347.jpg	in_stock	1039.00 INR	Regaliz Medicare Limited	new	no	Health & Beauty > Personal Care > Cosmetics > Sun Care	Skincare > Sun Protection
19311351	Twarz Guard Powder 40GM	Twarz Guard Powder 40GM by Derma Pharma. Sun Protection product available at Indian Skin Store, the dermatologist-run skincare pharmacy by Indian Skin®. Pack size: 0.	https://www.indianskinstore.com/product/twarz-guard-powder-40gm	https://indianskinco.github.io/iss-catalog-images/p/19311351.jpg	in_stock	900.00 INR	Derma Pharma	new	no	Health & Beauty > Personal Care > Cosmetics > Sun Care	Skincare > Sun Protection
20674200	Ultracel Lite Sunscreen	Ultracel Lite Sunscreen by Medicrux Healthcare . Sun Protection product available at Indian Skin Store, the dermatologist-run skincare pharmacy by Indian Skin®. Pack size: 50GM.	https://www.indianskinstore.com/product/ultracel-lite-sunscreen	https://indianskinco.github.io/iss-catalog-images/p/20674200.jpg	in_stock	920.00 INR	Medicrux Healthcare 	new	no	Health & Beauty > Personal Care > Cosmetics > Sun Care	Skincare > Sun Protection
28908746	Uv Doux Lip Balm	Uv Doux Lip Balm by Brinton Pharmaceuticals Pvt Ltd. Lipcare product available at Indian Skin Store, the dermatologist-run skincare pharmacy by Indian Skin®. Pack size: 0.	https://www.indianskinstore.com/product/uv-doux-lip-balm	https://indianskinco.github.io/iss-catalog-images/p/28908746.jpg	in_stock	425.00 INR	Brinton Pharmaceuticals Pvt Ltd	new	no	Health & Beauty > Personal Care > Cosmetics > Skin Care > Lip Balms & Treatments	Skincare > Lipcare
18870287	Uv Doux Spf 50	Uv Doux Spf 50 by Brinton Pharmaceuticals Pvt Ltd. Sun Protection product available at Indian Skin Store, the dermatologist-run skincare pharmacy by Indian Skin®. Pack size: 1*1.	https://www.indianskinstore.com/product/uv-doux-spf-50	https://indianskinco.github.io/iss-catalog-images/p/18870287.jpg	in_stock	658.00 INR	Brinton Pharmaceuticals Pvt Ltd	new	no	Health & Beauty > Personal Care > Cosmetics > Sun Care	Skincare > Sun Protection
18898676	Uv Doux Sunscreen Gel 50GM	Uv Doux Sunscreen Gel 50GM by Brinton Pharmaceuticals Pvt Ltd. Sun Protection product available at Indian Skin Store, the dermatologist-run skincare pharmacy by Indian Skin®. Pack size: 50GM.	https://www.indianskinstore.com/product/uv-doux-sunscreen-gel-50gm	https://indianskinco.github.io/iss-catalog-images/p/18898676.jpg	in_stock	845.00 INR	Brinton Pharmaceuticals Pvt Ltd	new	no	Health & Beauty > Personal Care > Cosmetics > Sun Care	Skincare > Sun Protection
28744734	Uv Smart Matt Sunscreen Gel 50GM	Uv Smart Matt Sunscreen Gel 50GM by Mankind Pharma Pvt Ltd. Sun Protection product available at Indian Skin Store, the dermatologist-run skincare pharmacy by Indian Skin®. Pack size: 50GM.	https://www.indianskinstore.com/product/uv-smart-matt-sunscreen-gel-50gm	https://indianskinco.github.io/iss-catalog-images/p/28744734.jpg	in_stock	945.00 INR	Mankind Pharma Pvt Ltd	new	no	Health & Beauty > Personal Care > Cosmetics > Sun Care	Skincare > Sun Protection
19311360	Uv-doux S/c 60GM	Uv-doux S/c 60GM by Brinton Pharmaceuticals Pvt Ltd. Sun Protection product available at Indian Skin Store, the dermatologist-run skincare pharmacy by Indian Skin®. Pack size: 0.	https://www.indianskinstore.com/product/uv-doux-s/c-60gm	https://indianskinco.github.io/iss-catalog-images/p/19311360.jpg	in_stock	745.00 INR	Brinton Pharmaceuticals Pvt Ltd	new	no	Health & Beauty > Personal Care > Cosmetics > Sun Care	Skincare > Sun Protection
19858573	Uv-factor Sunscreen Gel	Uv-factor Sunscreen Gel by Skin Factor Pharmaceuticals. Sun Protection product available at Indian Skin Store, the dermatologist-run skincare pharmacy by Indian Skin®. Pack size: 50GM.	https://www.indianskinstore.com/product/uv-factor-sunscreen-gel	https://indianskinco.github.io/iss-catalog-images/p/19858573.jpg	in_stock	739.00 INR	Skin Factor Pharmaceuticals	new	no	Health & Beauty > Personal Care > Cosmetics > Sun Care	Skincare > Sun Protection
27421410	Uvcover Z+ Mineral	Uvcover Z+ Mineral by Curious Biotech. Sun Protection product available at Indian Skin Store, the dermatologist-run skincare pharmacy by Indian Skin®. Pack size: 50GM.	https://www.indianskinstore.com/product/uvcover-z+-mineral	https://indianskinco.github.io/iss-catalog-images/p/27421410.jpg	in_stock	650.00 INR	Curious Biotech	new	no	Health & Beauty > Personal Care > Cosmetics > Sun Care	Skincare > Sun Protection
19311366	Uvicoz 50spf Lot 50ML	Uvicoz 50spf Lot 50ML by Amcor Pharma. Sun Protection product available at Indian Skin Store, the dermatologist-run skincare pharmacy by Indian Skin®. Pack size: 0.	https://www.indianskinstore.com/product/uvicoz-50spf-lot-50ml	https://indianskinco.github.io/iss-catalog-images/p/19311366.jpg	in_stock	750.00 INR	Amcor Pharma	new	no	Health & Beauty > Personal Care > Cosmetics > Sun Care	Skincare > Sun Protection
29265422	Uvicoz Aqua 50 Spf	Uvicoz Aqua 50 Spf by Amcor Pharma. Sun Protection product available at Indian Skin Store, the dermatologist-run skincare pharmacy by Indian Skin®. Pack size: 0.	https://www.indianskinstore.com/product/uvicoz-aqua-50-spf	https://indianskinco.github.io/iss-catalog-images/p/29265422.jpg	in_stock	650.00 INR	Amcor Pharma	new	no	Health & Beauty > Personal Care > Cosmetics > Sun Care	Skincare > Sun Protection
20198889	Uvicoz Ir Sunscreengel 50GM	Uvicoz Ir Sunscreengel 50GM by Amcor Pharma. Sun Protection product available at Indian Skin Store, the dermatologist-run skincare pharmacy by Indian Skin®. Pack size: 50GM.	https://www.indianskinstore.com/product/uvicoz-ir-sunscreengel-50gm	https://indianskinco.github.io/iss-catalog-images/p/20198889.jpg	in_stock	850.00 INR	Amcor Pharma	new	no	Health & Beauty > Personal Care > Cosmetics > Sun Care	Skincare > Sun Protection
19311369	Uvlan Spf50 50GM	Uvlan Spf50 50GM by Skin Sciences. Sun Protection product available at Indian Skin Store, the dermatologist-run skincare pharmacy by Indian Skin®. Pack size: 50GM.	https://www.indianskinstore.com/product/uvlan-spf50-50gm	https://indianskinco.github.io/iss-catalog-images/p/19311369.jpg	in_stock	790.00 INR	Skin Sciences	new	no	Health & Beauty > Personal Care > Cosmetics > Sun Care	Skincare > Sun Protection
28625825	Uvlan Spray 50 Spf	Uvlan Spray 50 Spf by Skin Sciences. Sun Protection product available at Indian Skin Store, the dermatologist-run skincare pharmacy by Indian Skin®. Pack size: 100ML.	https://www.indianskinstore.com/product/uvlan-spray-50-spf	https://indianskinco.github.io/iss-catalog-images/p/28625825.jpg	in_stock	849.00 INR	Skin Sciences	new	no	Health & Beauty > Personal Care > Cosmetics > Sun Care	Skincare > Sun Protection
28619167	Uvlox Spf50	Uvlox Spf50 by Percos India Pvt. Ltd. Sun Protection product available at Indian Skin Store, the dermatologist-run skincare pharmacy by Indian Skin®. Pack size: 50GM.	https://www.indianskinstore.com/product/uvlox-spf50	https://indianskinco.github.io/iss-catalog-images/p/28619167.jpg	in_stock	850.00 INR	Percos India Pvt. Ltd	new	no	Health & Beauty > Personal Care > Cosmetics > Sun Care	Skincare > Sun Protection
27421320	Uvscape Lip Screen	Uvscape Lip Screen by Iberia. Lipcare product available at Indian Skin Store, the dermatologist-run skincare pharmacy by Indian Skin®. Pack size: 4.9GM.	https://www.indianskinstore.com/product/uvscape-lip-screen	https://indianskinco.github.io/iss-catalog-images/p/27421320.jpg	in_stock	600.00 INR	Iberia	new	no	Health & Beauty > Personal Care > Cosmetics > Skin Care > Lip Balms & Treatments	Skincare > Lipcare
25366809	Vasuki Facial Gel Serum	Vasuki Facial Gel Serum by Entod Pharmaceuticals Ltd.,. Anti-Aging product available at Indian Skin Store, the dermatologist-run skincare pharmacy by Indian Skin®. Pack size: 30GM.	https://www.indianskinstore.com/product/vasuki-facial-gel-serum	https://indianskinco.github.io/iss-catalog-images/p/25366809.jpg	in_stock	2450.00 INR	Entod Pharmaceuticals Ltd.,	new	no	Health & Beauty > Personal Care > Cosmetics > Skin Care > Anti-Aging Skin Care Kits	Skincare > Anti-Aging
28785025	Vc White Facewash	Vc White Facewash by Atopic Laboratories Pvt.Ltd.,. Cleansers product available at Indian Skin Store, the dermatologist-run skincare pharmacy by Indian Skin®. Pack size: 60GM.	https://www.indianskinstore.com/product/vc-white-facewash	https://indianskinco.github.io/iss-catalog-images/p/28785025.jpg	in_stock	285.00 INR	Atopic Laboratories Pvt.Ltd.,	new	no	Health & Beauty > Personal Care > Cosmetics > Skin Care > Face Wash	Skincare > Cleansers
19312670	Venusia Acne Lotion 75ML	Venusia Acne Lotion 75ML by Dr Reddy'S. Moisturizers product available at Indian Skin Store, the dermatologist-run skincare pharmacy by Indian Skin®. Pack size: 75GM.	https://www.indianskinstore.com/product/venusia-acne-lotion-75ml	https://indianskinco.github.io/iss-catalog-images/p/19312670.jpg	in_stock	525.00 INR	Dr Reddy'S	new	no	Health & Beauty > Personal Care > Cosmetics > Skin Care > Lotion & Moisturizer	Skincare > Moisturizers
29448011	Venusia Acne Moist Gel	Venusia Acne Moist Gel by Dr.Reddy. Moisturizers product available at Indian Skin Store, the dermatologist-run skincare pharmacy by Indian Skin®. Pack size: 60GM.	https://www.indianskinstore.com/product/venusia-acne-moist-gel	https://indianskinco.github.io/iss-catalog-images/p/29448011.jpg	in_stock	636.00 INR	Dr.Reddy	new	no	Health & Beauty > Personal Care > Cosmetics > Skin Care > Lotion & Moisturizer	Skincare > Moisturizers
29084007	Venusia Cleanser	Venusia Cleanser by Dr Reddy'S. Cleansers product available at Indian Skin Store, the dermatologist-run skincare pharmacy by Indian Skin®. Pack size: 125ML.	https://www.indianskinstore.com/product/venusia-cleanser	https://indianskinco.github.io/iss-catalog-images/p/29084007.jpg	in_stock	460.00 INR	Dr Reddy'S	new	no	Health & Beauty > Personal Care > Cosmetics > Skin Care > Face Wash	Skincare > Cleansers
19312672	Venusia Sun Aqua 50G	Venusia Sun Aqua 50G by Dr Reddy Laboratories. Sun Protection product available at Indian Skin Store, the dermatologist-run skincare pharmacy by Indian Skin®. Pack size: 0.	https://www.indianskinstore.com/product/venusia-sun-aqua-50g	https://indianskinco.github.io/iss-catalog-images/p/19312672.jpg	in_stock	995.00 INR	Dr Reddy Laboratories	new	no	Health & Beauty > Personal Care > Cosmetics > Sun Care	Skincare > Sun Protection
24956715	Z Stick Sunscreen	Z Stick Sunscreen by Ubik Solutions Pvt. Ltd. Sun Protection product available at Indian Skin Store, the dermatologist-run skincare pharmacy by Indian Skin®. Pack size: 20G.	https://www.indianskinstore.com/product/z-stick-sunscreen	https://indianskinco.github.io/iss-catalog-images/p/24956715.jpg	in_stock	850.00 INR	Ubik Solutions Pvt. Ltd	new	no	Health & Beauty > Personal Care > Cosmetics > Sun Care	Skincare > Sun Protection
