id,title,description,availability,condition,price,link,image_link,brand,google_product_category,fb_product_category
28625954,Angel Dew,"Angel Dew by Biopharmacia. Daily Hygiene product available at Indian Skin Store, the dermatologist-run skincare pharmacy by Indian Skin®. Pack size: 100ML.",in stock,new,769.00 INR,https://www.indianskinstore.com/product/angel-dew,https://indianskinco.github.io/iss-catalog-images/p/28625954.jpg,Biopharmacia,Health & Beauty > Personal Care > Cosmetics > Bath & Body,
18886275,Cetaphil Baby Lotion 400ml 400ml,"Cetaphil Baby Lotion 400ml 400ml by Galderma India Pvt.Ltd.. Daily Hygiene product available at Indian Skin Store, the dermatologist-run skincare pharmacy by Indian Skin®. Pack size: 400ML.",in stock,new,950.00 INR,https://www.indianskinstore.com/product/cetaphil-baby-lotion-400ml-400ml,https://indianskinco.github.io/iss-catalog-images/p/18886275.jpg,Galderma India Pvt.Ltd.,Health & Beauty > Personal Care > Cosmetics > Bath & Body,
19308768,Elfri Lot 1,"Elfri Lot 1 by Torrent Pharmaceuticals Ltd.. Sun & Outdoor product available at Indian Skin Store, the dermatologist-run skincare pharmacy by Indian Skin®. Pack size: 0.",in stock,new,934.00 INR,https://www.indianskinstore.com/product/elfri-lot-1,https://indianskinco.github.io/iss-catalog-images/p/19308768.jpg,Torrent Pharmaceuticals Ltd.,Health & Beauty > Personal Care > Cosmetics > Sun Care,
22223828,Nmf-e Baby Moist Cream,"Nmf-e Baby Moist Cream by Palsons Drugs Private Limited.. Daily Hygiene product available at Indian Skin Store, the dermatologist-run skincare pharmacy by Indian Skin®. Pack size: 50GM.",in stock,new,249.00 INR,https://www.indianskinstore.com/product/nmf-e-baby-moist-cream,https://indianskinco.github.io/iss-catalog-images/p/22223828.jpg,Palsons Drugs Private Limited.,Health & Beauty > Personal Care > Cosmetics > Bath & Body,
19310708,Sanosan Baby Bath & Shamp 200ml,"Sanosan Baby Bath & Shamp 200ml by Glowderma Labs Pvt Ltd. Daily Hygiene product available at Indian Skin Store, the dermatologist-run skincare pharmacy by Indian Skin®. Pack size: 0.",in stock,new,650.00 INR,https://www.indianskinstore.com/product/sanosan-baby-bath-&-shamp-200ml,https://indianskinco.github.io/iss-catalog-images/p/19310708.jpg,Glowderma Labs Pvt Ltd,Health & Beauty > Personal Care > Cosmetics > Bath & Body,
20198892,Sanosan Baby Care Lotion 200ml,"Sanosan Baby Care Lotion 200ml by Glowderma Ltd. Daily Hygiene product available at Indian Skin Store, the dermatologist-run skincare pharmacy by Indian Skin®. Pack size: 200ML.",in stock,new,775.00 INR,https://www.indianskinstore.com/product/sanosan-baby-care--lotion-200ml,https://indianskinco.github.io/iss-catalog-images/p/20198892.jpg,Glowderma Ltd,Health & Beauty > Personal Care > Cosmetics > Bath & Body,
18872009,Tedibar Soap 75GM,"Tedibar Soap 75GM by Torrent Pharmaceuticals Ltd.. Daily Hygiene product available at Indian Skin Store, the dermatologist-run skincare pharmacy by Indian Skin®. Pack size: 1*75GM.",in stock,new,150.00 INR,https://www.indianskinstore.com/product/tedibar-soap-75gm,https://indianskinco.github.io/iss-catalog-images/p/18872009.jpg,Torrent Pharmaceuticals Ltd.,Health & Beauty > Personal Care > Cosmetics > Bath & Body,
19312671,Venusia Baby Loiton 300gm,"Venusia Baby Loiton 300gm by Dr Reddy'S. Daily Hygiene product available at Indian Skin Store, the dermatologist-run skincare pharmacy by Indian Skin®. Pack size: 0.",in stock,new,801.00 INR,https://www.indianskinstore.com/product/venusia-baby-loiton-300gm,https://indianskinco.github.io/iss-catalog-images/p/19312671.jpg,Dr Reddy'S,Health & Beauty > Personal Care > Cosmetics > Bath & Body,
19312690,Youngberry Lot 60ML,"Youngberry Lot 60ML by Not Available. Sun & Outdoor product available at Indian Skin Store, the dermatologist-run skincare pharmacy by Indian Skin®. Pack size: 0.",in stock,new,350.00 INR,https://www.indianskinstore.com/product/youngberry-lot-60ml,https://indianskinco.github.io/iss-catalog-images/p/19312690.jpg,Not Available,Health & Beauty > Personal Care > Cosmetics > Sun Care,
28997300,Adrina Anti Scar Gel,"Adrina Anti Scar Gel by Systopic Lab. P. Ltd.. Post-Procedure product available at Indian Skin Store, the dermatologist-run skincare pharmacy by Indian Skin®. Pack size: 0.",in stock,new,410.00 INR,https://www.indianskinstore.com/product/adrina-anti-scar-gel,https://indianskinco.github.io/iss-catalog-images/p/28997300.jpg,Systopic Lab. P. Ltd.,Health & Beauty > Personal Care > Cosmetics > Skin Care,
28909240,Aquaoat Moist.lotion,"Aquaoat Moist.lotion by Emcutix Biopharmaceuticals Ltd. Body Care product available at Indian Skin Store, the dermatologist-run skincare pharmacy by Indian Skin®. Pack size: 1*100ml.",in stock,new,590.00 INR,https://www.indianskinstore.com/product/aquaoat-moist.lotion,https://indianskinco.github.io/iss-catalog-images/p/28909240.jpg,Emcutix Biopharmaceuticals Ltd,Health & Beauty > Personal Care > Cosmetics > Skin Care,
22912060,Atoderm Cream Ultra,"Atoderm Cream Ultra by Bioderma Laboratoire Dermatology. Body Care product available at Indian Skin Store, the dermatologist-run skincare pharmacy by Indian Skin®. Pack size: 1*200ML.",in stock,new,799.00 INR,https://www.indianskinstore.com/product/atoderm-cream-ultra,https://indianskinco.github.io/iss-catalog-images/p/22912060.jpg,Bioderma Laboratoire Dermatology,Health & Beauty > Personal Care > Cosmetics > Skin Care,
28626771,Austa Skin Lightining,"Austa Skin Lightining by Biogen. Body Care product available at Indian Skin Store, the dermatologist-run skincare pharmacy by Indian Skin®. Pack size: 45GM.",in stock,new,570.00 INR,https://www.indianskinstore.com/product/austa-skin-lightining,https://indianskinco.github.io/iss-catalog-images/p/28626771.jpg,Biogen,Health & Beauty > Personal Care > Cosmetics > Skin Care,
28909263,Avexa Lotion 150ml,"Avexa Lotion 150ml by Ajanta Pharma Ltd. Body Care product available at Indian Skin Store, the dermatologist-run skincare pharmacy by Indian Skin®. Pack size: 150ML.",in stock,new,738.00 INR,https://www.indianskinstore.com/product/avexa-lotion-150ml,https://indianskinco.github.io/iss-catalog-images/p/28909263.jpg,Ajanta Pharma Ltd,Health & Beauty > Personal Care > Cosmetics > Skin Care,
19312082,Beuglow Soap 75GM,"Beuglow Soap 75GM by Kube Pharmaceuticals Pvt. Ltd. Cleansing product available at Indian Skin Store, the dermatologist-run skincare pharmacy by Indian Skin®. Pack size: 75G.",in stock,new,159.30 INR,https://www.indianskinstore.com/product/beuglow-soap-75gm,https://indianskinco.github.io/iss-catalog-images/p/19312082.jpg,Kube Pharmaceuticals Pvt. Ltd,Health & Beauty > Personal Care > Cosmetics > Skin Care > Face Wash,
25779452,Bio Retinol,"Bio Retinol by Fixderma Llc.. Body Care product available at Indian Skin Store, the dermatologist-run skincare pharmacy by Indian Skin®. Pack size: 200ML.",in stock,new,1250.00 INR,https://www.indianskinstore.com/product/bio-retinol,https://indianskinco.github.io/iss-catalog-images/p/25779452.jpg,Fixderma Llc.,Health & Beauty > Personal Care > Cosmetics > Skin Care,
20606236,Biowhite Hk Lotion 100ml,"Biowhite Hk Lotion 100ml by Asthetix Cosmeceuticals. Body Care product available at Indian Skin Store, the dermatologist-run skincare pharmacy by Indian Skin®. Pack size: 100ML.",in stock,new,490.00 INR,https://www.indianskinstore.com/product/biowhite-hk-lotion-100ml,https://indianskinco.github.io/iss-catalog-images/p/20606236.jpg,Asthetix Cosmeceuticals,Health & Beauty > Personal Care > Cosmetics > Skin Care,
28619165,Calminox Anti Itch,"Calminox Anti Itch by Percos. Body Care product available at Indian Skin Store, the dermatologist-run skincare pharmacy by Indian Skin®. Pack size: 100M.",in stock,new,465.00 INR,https://www.indianskinstore.com/product/calminox-anti-itch,https://indianskinco.github.io/iss-catalog-images/p/28619165.jpg,Percos,Health & Beauty > Personal Care > Cosmetics > Skin Care,
19308694,Cica -care 1 S,"Cica -care 1 S by Smith&Nephew. Post-Procedure product available at Indian Skin Store, the dermatologist-run skincare pharmacy by Indian Skin®. Pack size: 0.",in stock,new,3153.33 INR,https://www.indianskinstore.com/product/cica--care-1-s,https://indianskinco.github.io/iss-catalog-images/p/19308694.jpg,Smith&Nephew,Health & Beauty > Personal Care > Cosmetics > Skin Care,
27352893,Claricika Anti-scar Cream,"Claricika Anti-scar Cream by Temple Wellness Ventures Pvt Ltd. Post-Procedure product available at Indian Skin Store, the dermatologist-run skincare pharmacy by Indian Skin®. Pack size: 30GM.",in stock,new,1750.00 INR,https://www.indianskinstore.com/product/claricika-anti-scar-cream,https://indianskinco.github.io/iss-catalog-images/p/27352893.jpg,Temple Wellness Ventures Pvt Ltd,Health & Beauty > Personal Care > Cosmetics > Skin Care,
28757406,Clotipar Dusting Powder,"Clotipar Dusting Powder by Skinthetics. Body Care product available at Indian Skin Store, the dermatologist-run skincare pharmacy by Indian Skin®. Pack size: 100GM.",in stock,new,111.00 INR,https://www.indianskinstore.com/product/clotipar-dusting-powder,https://indianskinco.github.io/iss-catalog-images/p/28757406.jpg,Skinthetics,Health & Beauty > Personal Care > Cosmetics > Skin Care,
28606998,Cohans Soap,"Cohans Soap by Vnw Pharmaceuticals Pvt Ltd. Cleansing product available at Indian Skin Store, the dermatologist-run skincare pharmacy by Indian Skin®. Pack size: 75 GM.",in stock,new,125.00 INR,https://www.indianskinstore.com/product/cohans-soap,https://indianskinco.github.io/iss-catalog-images/p/28606998.jpg,Vnw Pharmaceuticals Pvt Ltd,Health & Beauty > Personal Care > Cosmetics > Skin Care > Face Wash,
29087280,Cosmelite Next,"Cosmelite Next by Eris Oaknet. Body Care product available at Indian Skin Store, the dermatologist-run skincare pharmacy by Indian Skin®. Pack size: 50 ML.",in stock,new,868.50 INR,https://www.indianskinstore.com/product/cosmelite-next,https://indianskinco.github.io/iss-catalog-images/p/29087280.jpg,Eris Oaknet,Health & Beauty > Personal Care > Cosmetics > Skin Care,
29041993,Cuti Eraise,"Cuti Eraise by Eraise Glad. Body Care product available at Indian Skin Store, the dermatologist-run skincare pharmacy by Indian Skin®. Pack size: 100GM.",in stock,new,186.00 INR,https://www.indianskinstore.com/product/cuti-eraise,https://indianskinco.github.io/iss-catalog-images/p/29041993.jpg,Eraise Glad,Health & Beauty > Personal Care > Cosmetics > Skin Care,
19308716,Cutihyde Cream 20G,"Cutihyde Cream 20G by Resilient Cosmeceuticals Pvt Ltd. Body Care product available at Indian Skin Store, the dermatologist-run skincare pharmacy by Indian Skin®. Pack size: 0.",in stock,new,153.60 INR,https://www.indianskinstore.com/product/cutihyde-cream-20g,https://indianskinco.github.io/iss-catalog-images/p/19308716.jpg,Resilient Cosmeceuticals Pvt Ltd,Health & Beauty > Personal Care > Cosmetics > Skin Care,
18875967,Cutilite Cream 20GM,"Cutilite Cream 20GM by Glowderma. Body Care product available at Indian Skin Store, the dermatologist-run skincare pharmacy by Indian Skin®. Pack size: 1*20GM.",in stock,new,231.56 INR,https://www.indianskinstore.com/product/cutilite-cream-20gm,https://indianskinco.github.io/iss-catalog-images/p/18875967.jpg,Glowderma,Health & Beauty > Personal Care > Cosmetics > Skin Care,
19308735,Dermadew Lite Soap 75 Gm,"Dermadew Lite Soap 75 Gm by H&H Pharma. Cleansing product available at Indian Skin Store, the dermatologist-run skincare pharmacy by Indian Skin®. Pack size: 0.",in stock,new,220.00 INR,https://www.indianskinstore.com/product/dermadew-lite-soap-75-gm,https://indianskinco.github.io/iss-catalog-images/p/19308735.jpg,H&H Pharma,Health & Beauty > Personal Care > Cosmetics > Skin Care > Face Wash,
18888115,Dewsoft Soap 75G,"Dewsoft Soap 75G by Torrent Pharmaceuticals Ltd.. Cleansing product available at Indian Skin Store, the dermatologist-run skincare pharmacy by Indian Skin®. Pack size: 75G.",in stock,new,291.50 INR,https://www.indianskinstore.com/product/dewsoft-soap-75g,https://indianskinco.github.io/iss-catalog-images/p/18888115.jpg,Torrent Pharmaceuticals Ltd.,Health & Beauty > Personal Care > Cosmetics > Skin Care > Face Wash,
28887460,Drez-v Gel,"Drez-v Gel by Stedman Pharma Pvt Ltd.. Body Care product available at Indian Skin Store, the dermatologist-run skincare pharmacy by Indian Skin®. Pack size: 1*30GM.",in stock,new,215.50 INR,https://www.indianskinstore.com/product/drez-v-gel,https://indianskinco.github.io/iss-catalog-images/p/28887460.jpg,Stedman Pharma Pvt Ltd.,Health & Beauty > Personal Care > Cosmetics > Skin Care,
19308761,Duvitin Soap 75GM,"Duvitin Soap 75GM by Ceuticoz. Cleansing product available at Indian Skin Store, the dermatologist-run skincare pharmacy by Indian Skin®. Pack size: 0.",in stock,new,102.00 INR,https://www.indianskinstore.com/product/duvitin-soap-75gm,https://indianskinco.github.io/iss-catalog-images/p/19308761.jpg,Ceuticoz,Health & Beauty > Personal Care > Cosmetics > Skin Care > Face Wash,
18857784,Elastoderm Cream,"Elastoderm Cream by Apple Thaerapeutics Pvt.. Post-Procedure product available at Indian Skin Store, the dermatologist-run skincare pharmacy by Indian Skin®. Pack size: 50GM.",in stock,new,561.00 INR,https://www.indianskinstore.com/product/elastoderm-cream,https://indianskinco.github.io/iss-catalog-images/p/18857784.jpg,Apple Thaerapeutics Pvt.,Health & Beauty > Personal Care > Cosmetics > Skin Care,
28888468,Emodel AD01,"Emodel AD01 by Intas Pharmaceuticals L. Body Care product available at Indian Skin Store, the dermatologist-run skincare pharmacy by Indian Skin®. Pack size: 300ML.",in stock,new,999.00 INR,https://www.indianskinstore.com/product/emodel-ad01,https://indianskinco.github.io/iss-catalog-images/p/28888468.jpg,Intas Pharmaceuticals L,Health & Beauty > Personal Care > Cosmetics > Skin Care,
28888473,Emodel AD24,"Emodel AD24 by Intas Pharmaceuticals L. Cleansing product available at Indian Skin Store, the dermatologist-run skincare pharmacy by Indian Skin®. Pack size: 5ML.",in stock,new,1299.00 INR,https://www.indianskinstore.com/product/emodel-ad24,https://indianskinco.github.io/iss-catalog-images/p/28888473.jpg,Intas Pharmaceuticals L,Health & Beauty > Personal Care > Cosmetics > Skin Care > Face Wash,
19308963,Endospore Soap 75GM,"Endospore Soap 75GM by Rivan Pharmaceuticals Pvt Ltd. Cleansing product available at Indian Skin Store, the dermatologist-run skincare pharmacy by Indian Skin®. Pack size: 0.",in stock,new,155.00 INR,https://www.indianskinstore.com/product/endospore-soap-75gm,https://indianskinco.github.io/iss-catalog-images/p/19308963.jpg,Rivan Pharmaceuticals Pvt Ltd,Health & Beauty > Personal Care > Cosmetics > Skin Care > Face Wash,
28997296,Epiguard Cream,"Epiguard Cream by Herbario Cosmetics Pvt. Body Care product available at Indian Skin Store, the dermatologist-run skincare pharmacy by Indian Skin®. Pack size: 100GM.",in stock,new,265.00 INR,https://www.indianskinstore.com/product/epiguard-cream,https://indianskinco.github.io/iss-catalog-images/p/28997296.jpg,Herbario Cosmetics Pvt,Health & Beauty > Personal Care > Cosmetics > Skin Care,
24342475,Epiguard-hx Body,"Epiguard-hx Body by Herbario Cosmetics Pvt. Body Care product available at Indian Skin Store, the dermatologist-run skincare pharmacy by Indian Skin®. Pack size: 500M.",in stock,new,450.00 INR,https://www.indianskinstore.com/product/epiguard-hx-body,https://indianskinco.github.io/iss-catalog-images/p/24342475.jpg,Herbario Cosmetics Pvt,Health & Beauty > Personal Care > Cosmetics > Skin Care,
20334211,Epilight Intense Lotion,"Epilight Intense Lotion by Epi Dermizz. Body Care product available at Indian Skin Store, the dermatologist-run skincare pharmacy by Indian Skin®. Pack size: 100ML.",in stock,new,1299.00 INR,https://www.indianskinstore.com/product/epilight-intense-lotion,https://indianskinco.github.io/iss-catalog-images/p/20334211.jpg,Epi Dermizz,Health & Beauty > Personal Care > Cosmetics > Skin Care,
22223827,Femderm Antistrect Oil,"Femderm Antistrect Oil by Palsons Drugs & Chemical Industries. Post-Procedure product available at Indian Skin Store, the dermatologist-run skincare pharmacy by Indian Skin®. Pack size: 100ML.",in stock,new,399.00 INR,https://www.indianskinstore.com/product/femderm-antistrect-oil,https://indianskinco.github.io/iss-catalog-images/p/22223827.jpg,Palsons Drugs & Chemical Industries,Health & Beauty > Personal Care > Cosmetics > Skin Care,
19309006,Forfora Z Shampoo 75ML,"Forfora Z Shampoo 75ML by Encore Healthcare Pvt Ltd. Cleansing product available at Indian Skin Store, the dermatologist-run skincare pharmacy by Indian Skin®. Pack size: 75ML.",in stock,new,270.94 INR,https://www.indianskinstore.com/product/forfora-z-shampoo-75ml,https://indianskinco.github.io/iss-catalog-images/p/19309006.jpg,Encore Healthcare Pvt Ltd,Health & Beauty > Personal Care > Cosmetics > Skin Care > Face Wash,
23794943,Happyheel Cream,"Happyheel Cream by Micro Labs Limited.. Body Care product available at Indian Skin Store, the dermatologist-run skincare pharmacy by Indian Skin®. Pack size: 50GM.",in stock,new,450.00 INR,https://www.indianskinstore.com/product/happyheel-cream,https://indianskinco.github.io/iss-catalog-images/p/23794943.jpg,Micro Labs Limited.,Health & Beauty > Personal Care > Cosmetics > Skin Care,
19309628,Hqn-detan Body Lot 150ml,"Hqn-detan Body Lot 150ml by Nidus Pharma Pvt Ltd. Body Care product available at Indian Skin Store, the dermatologist-run skincare pharmacy by Indian Skin®. Pack size: 0.",in stock,new,398.00 INR,https://www.indianskinstore.com/product/hqn-detan-body-lot-150ml,https://indianskinco.github.io/iss-catalog-images/p/19309628.jpg,Nidus Pharma Pvt Ltd,Health & Beauty > Personal Care > Cosmetics > Skin Care,
23931334,Hydrofil Cream 200gm,"Hydrofil Cream 200gm by Ethicare Remedies. Body Care product available at Indian Skin Store, the dermatologist-run skincare pharmacy by Indian Skin®. Pack size: 200GM.",in stock,new,210.00 INR,https://www.indianskinstore.com/product/hydrofil-cream-200gm,https://indianskinco.github.io/iss-catalog-images/p/23931334.jpg,Ethicare Remedies,Health & Beauty > Personal Care > Cosmetics > Skin Care,
18840883,Hydrofil Lotion 100ml,"Hydrofil Lotion 100ml by Ethicare Remedies. Body Care product available at Indian Skin Store, the dermatologist-run skincare pharmacy by Indian Skin®. Pack size: 1*100ML.",in stock,new,190.00 INR,https://www.indianskinstore.com/product/hydrofil-lotion-100ml,https://indianskinco.github.io/iss-catalog-images/p/18840883.jpg,Ethicare Remedies,Health & Beauty > Personal Care > Cosmetics > Skin Care,
24204676,Hydromax-ct Cream,"Hydromax-ct Cream by Ubik Solutions Pvt. Ltd. Body Care product available at Indian Skin Store, the dermatologist-run skincare pharmacy by Indian Skin®. Pack size: 100GM.",in stock,new,315.00 INR,https://www.indianskinstore.com/product/hydromax-ct-cream,https://indianskinco.github.io/iss-catalog-images/p/24204676.jpg,Ubik Solutions Pvt. Ltd,Health & Beauty > Personal Care > Cosmetics > Skin Care,
19312325,Hydronic Ultra Soap 100gm,"Hydronic Ultra Soap 100gm by Regaliz Medicare Limited. Cleansing product available at Indian Skin Store, the dermatologist-run skincare pharmacy by Indian Skin®. Pack size: 0.",in stock,new,199.00 INR,https://www.indianskinstore.com/product/hydronic-ultra-soap-100gm,https://indianskinco.github.io/iss-catalog-images/p/19312325.jpg,Regaliz Medicare Limited,Health & Beauty > Personal Care > Cosmetics > Skin Care > Face Wash,
19309659,Itch Insta Spray 60ML,"Itch Insta Spray 60ML by Rely On Pharmaceutical Pvt Ltd.. Body Care product available at Indian Skin Store, the dermatologist-run skincare pharmacy by Indian Skin®. Pack size: 0.",in stock,new,305.00 INR,https://www.indianskinstore.com/product/itch-insta-spray-60ml,https://indianskinco.github.io/iss-catalog-images/p/19309659.jpg,Rely On Pharmaceutical Pvt Ltd.,Health & Beauty > Personal Care > Cosmetics > Skin Care,
23185240,Ken Cream,"Ken Cream by Revluk. Body Care product available at Indian Skin Store, the dermatologist-run skincare pharmacy by Indian Skin®. Pack size: 50GM.",in stock,new,390.00 INR,https://www.indianskinstore.com/product/ken-cream,https://indianskinco.github.io/iss-catalog-images/p/23185240.jpg,Revluk,Health & Beauty > Personal Care > Cosmetics > Skin Care,
29000480,Keraglo Ad Bodywash,"Keraglo Ad Bodywash by Ipca Laboratories Ltd.,. Cleansing product available at Indian Skin Store, the dermatologist-run skincare pharmacy by Indian Skin®. Pack size: 0.",in stock,new,438.00 INR,https://www.indianskinstore.com/product/keraglo-ad-bodywash,https://indianskinco.github.io/iss-catalog-images/p/29000480.jpg,"Ipca Laboratories Ltd.,",Health & Beauty > Personal Care > Cosmetics > Skin Care > Face Wash,
19309679,Kitnor Max Soap 75G,"Kitnor Max Soap 75G by Lyra Laboratories Pvt Ltd. Cleansing product available at Indian Skin Store, the dermatologist-run skincare pharmacy by Indian Skin®. Pack size: 0.",in stock,new,111.00 INR,https://www.indianskinstore.com/product/kitnor-max-soap-75g,https://indianskinco.github.io/iss-catalog-images/p/19309679.jpg,Lyra Laboratories Pvt Ltd,Health & Beauty > Personal Care > Cosmetics > Skin Care > Face Wash,
28770430,Kzop Body Wash,"Kzop Body Wash by Oziel Pharma. Cleansing product available at Indian Skin Store, the dermatologist-run skincare pharmacy by Indian Skin®. Pack size: 100ML.",in stock,new,295.00 INR,https://www.indianskinstore.com/product/kzop-body-wash,https://indianskinco.github.io/iss-catalog-images/p/28770430.jpg,Oziel Pharma,Health & Beauty > Personal Care > Cosmetics > Skin Care > Face Wash,
29011215,Liquet-ultra Gel,"Liquet-ultra Gel by Canixa Life Sciences Pvt Ltd. Post-Procedure product available at Indian Skin Store, the dermatologist-run skincare pharmacy by Indian Skin®. Pack size: 15GM.",in stock,new,690.00 INR,https://www.indianskinstore.com/product/liquet-ultra-gel,https://indianskinco.github.io/iss-catalog-images/p/29011215.jpg,Canixa Life Sciences Pvt Ltd,Health & Beauty > Personal Care > Cosmetics > Skin Care,
28893565,Luvea Body Lotion,"Luvea Body Lotion by Epiderme Laboratories Pvt Ltd. Body Care product available at Indian Skin Store, the dermatologist-run skincare pharmacy by Indian Skin®. Pack size: 75ML.",in stock,new,699.00 INR,https://www.indianskinstore.com/product/luvea-body-lotion,https://indianskinco.github.io/iss-catalog-images/p/28893565.jpg,Epiderme Laboratories Pvt Ltd,Health & Beauty > Personal Care > Cosmetics > Skin Care,
19651859,Lycalamine,"Lycalamine by Lyra Laboratories Pvt Ltd. Body Care product available at Indian Skin Store, the dermatologist-run skincare pharmacy by Indian Skin®. Pack size: 100ML.",in stock,new,107.00 INR,https://www.indianskinstore.com/product/lycalamine,https://indianskinco.github.io/iss-catalog-images/p/19651859.jpg,Lyra Laboratories Pvt Ltd,Health & Beauty > Personal Care > Cosmetics > Skin Care,
28861124,Maxrich Cream,"Maxrich Cream by Sun Pharmaceuticals Ltd. Body Care product available at Indian Skin Store, the dermatologist-run skincare pharmacy by Indian Skin®. Pack size: 150GM.",in stock,new,552.00 INR,https://www.indianskinstore.com/product/maxrich-cream,https://indianskinco.github.io/iss-catalog-images/p/28861124.jpg,Sun Pharmaceuticals Ltd,Health & Beauty > Personal Care > Cosmetics > Skin Care,
28882805,Maxrich-p Cream,"Maxrich-p Cream by Sun Pharmaceuticals Ltd. Body Care product available at Indian Skin Store, the dermatologist-run skincare pharmacy by Indian Skin®. Pack size: 150GM.",in stock,new,525.00 INR,https://www.indianskinstore.com/product/maxrich-p-cream,https://indianskinco.github.io/iss-catalog-images/p/28882805.jpg,Sun Pharmaceuticals Ltd,Health & Beauty > Personal Care > Cosmetics > Skin Care,
18893270,Megaheal Gel 50G 1*50g,"Megaheal Gel 50G 1*50g by Aristo Pharmaceuticals Pvt Ltd. Post-Procedure product available at Indian Skin Store, the dermatologist-run skincare pharmacy by Indian Skin®. Pack size: 1*50G.",in stock,new,135.93 INR,https://www.indianskinstore.com/product/megaheal-gel-50g-1*50g,https://indianskinco.github.io/iss-catalog-images/p/18893270.jpg,Aristo Pharmaceuticals Pvt Ltd,Health & Beauty > Personal Care > Cosmetics > Skin Care,
22912058,Melaglow Prime Lotion,"Melaglow Prime Lotion by Abbott Healthcare Pvt. Ltd.. Body Care product available at Indian Skin Store, the dermatologist-run skincare pharmacy by Indian Skin®. Pack size: 50GM.",in stock,new,768.00 INR,https://www.indianskinstore.com/product/melaglow-prime-lotion,https://indianskinco.github.io/iss-catalog-images/p/22912058.jpg,Abbott Healthcare Pvt. Ltd.,Health & Beauty > Personal Care > Cosmetics > Skin Care,
19310121,Moduseb Soap 75GM,"Moduseb Soap 75GM by Ceuticoz. Cleansing product available at Indian Skin Store, the dermatologist-run skincare pharmacy by Indian Skin®. Pack size: 0.",in stock,new,120.00 INR,https://www.indianskinstore.com/product/moduseb-soap-75gm,https://indianskinco.github.io/iss-catalog-images/p/19310121.jpg,Ceuticoz,Health & Beauty > Personal Care > Cosmetics > Skin Care > Face Wash,
18893562,Moisturex Syndet Bathing Bar 75GM,"Moisturex Syndet Bathing Bar 75GM by Sun Pharmaceutical Pvt Ltd. Cleansing product available at Indian Skin Store, the dermatologist-run skincare pharmacy by Indian Skin®. Pack size: 75GM.",in stock,new,202.00 INR,https://www.indianskinstore.com/product/moisturex-syndet-bathing-bar-75gm,https://indianskinco.github.io/iss-catalog-images/p/18893562.jpg,Sun Pharmaceutical Pvt Ltd,Health & Beauty > Personal Care > Cosmetics > Skin Care > Face Wash,
18893563,Moisturex Wash 200ml,"Moisturex Wash 200ml by Sun Pharmaceutical Pvt Ltd. Cleansing product available at Indian Skin Store, the dermatologist-run skincare pharmacy by Indian Skin®. Pack size: 200ML.",in stock,new,601.00 INR,https://www.indianskinstore.com/product/moisturex-wash-200ml,https://indianskinco.github.io/iss-catalog-images/p/18893563.jpg,Sun Pharmaceutical Pvt Ltd,Health & Beauty > Personal Care > Cosmetics > Skin Care > Face Wash,
24342128,Oryza Cera Max,"Oryza Cera Max by Alembic Pharmaceuticals Ltd. Body Care product available at Indian Skin Store, the dermatologist-run skincare pharmacy by Indian Skin®. Pack size: 250ML.",in stock,new,825.00 INR,https://www.indianskinstore.com/product/oryza-cera-max,https://indianskinco.github.io/iss-catalog-images/p/24342128.jpg,Alembic Pharmaceuticals Ltd,Health & Beauty > Personal Care > Cosmetics > Skin Care,
27421409,Pirfesca,"Pirfesca by Cipla Ltd. Post-Procedure product available at Indian Skin Store, the dermatologist-run skincare pharmacy by Indian Skin®. Pack size: 30GM.",in stock,new,902.34 INR,https://www.indianskinstore.com/product/pirfesca,https://indianskinco.github.io/iss-catalog-images/p/27421409.jpg,Cipla Ltd,Health & Beauty > Personal Care > Cosmetics > Skin Care,
28885497,Pynomax-tx Creamy Lotion,"Pynomax-tx Creamy Lotion by Galcare Pharmaceuticals Pvt Ltd. Body Care product available at Indian Skin Store, the dermatologist-run skincare pharmacy by Indian Skin®. Pack size: 100ML.",in stock,new,599.00 INR,https://www.indianskinstore.com/product/pynomax-tx-creamy-lotion,https://indianskinco.github.io/iss-catalog-images/p/28885497.jpg,Galcare Pharmaceuticals Pvt Ltd,Health & Beauty > Personal Care > Cosmetics > Skin Care,
29358560,Reelfair D-tan Soap,"Reelfair D-tan Soap by Cosmosafe Healthcare Pvt . Cleansing product available at Indian Skin Store, the dermatologist-run skincare pharmacy by Indian Skin®. Pack size: 60 GM.",in stock,new,199.00 INR,https://www.indianskinstore.com/product/reelfair-d-tan-soap,https://indianskinco.github.io/iss-catalog-images/p/29358560.jpg,Cosmosafe Healthcare Pvt ,Health & Beauty > Personal Care > Cosmetics > Skin Care > Face Wash,
24342137,Regabpo Spray,"Regabpo Spray by Regaliz Medicare Limited. Body Care product available at Indian Skin Store, the dermatologist-run skincare pharmacy by Indian Skin®. Pack size: 60ML.",in stock,new,499.00 INR,https://www.indianskinstore.com/product/regabpo-spray,https://indianskinco.github.io/iss-catalog-images/p/24342137.jpg,Regaliz Medicare Limited,Health & Beauty > Personal Care > Cosmetics > Skin Care,
19310701,Ritch Creamy Lotion 50ML,"Ritch Creamy Lotion 50ML by Torrent Pharmaceuticals Ltd.. Body Care product available at Indian Skin Store, the dermatologist-run skincare pharmacy by Indian Skin®. Pack size: 75ML.",in stock,new,435.00 INR,https://www.indianskinstore.com/product/ritch-creamy-lotion-50ml,https://indianskinco.github.io/iss-catalog-images/p/19310701.jpg,Torrent Pharmaceuticals Ltd.,Health & Beauty > Personal Care > Cosmetics > Skin Care,
28631680,Sebamed Ad Body Lotion,"Sebamed Ad Body Lotion by Usv Private Ltd. Body Care product available at Indian Skin Store, the dermatologist-run skincare pharmacy by Indian Skin®. Pack size: 200ML.",in stock,new,850.00 INR,https://www.indianskinstore.com/product/sebamed-ad-body-lotion,https://indianskinco.github.io/iss-catalog-images/p/28631680.jpg,Usv Private Ltd,Health & Beauty > Personal Care > Cosmetics > Skin Care,
19311292,Soframycin Skin Cream 30GM,"Soframycin Skin Cream 30GM by Encube Ethicals Pvt Ltd. Post-Procedure product available at Indian Skin Store, the dermatologist-run skincare pharmacy by Indian Skin®. Pack size: 0.",in stock,new,53.53 INR,https://www.indianskinstore.com/product/soframycin-skin-cream-30gm,https://indianskinco.github.io/iss-catalog-images/p/19311292.jpg,Encube Ethicals Pvt Ltd,Health & Beauty > Personal Care > Cosmetics > Skin Care,
19311302,Sterdee Cream 60GM,"Sterdee Cream 60GM by Jvj Pharmaceuticals Pvt Ltd. Post-Procedure product available at Indian Skin Store, the dermatologist-run skincare pharmacy by Indian Skin®. Pack size: 0.",in stock,new,399.00 INR,https://www.indianskinstore.com/product/sterdee-cream-60gm,https://indianskinco.github.io/iss-catalog-images/p/19311302.jpg,Jvj Pharmaceuticals Pvt Ltd,Health & Beauty > Personal Care > Cosmetics > Skin Care,
28810662,T2H Shower Gel,"T2H Shower Gel by Strata. Cleansing product available at Indian Skin Store, the dermatologist-run skincare pharmacy by Indian Skin®. Pack size: 250ML.",in stock,new,490.00 INR,https://www.indianskinstore.com/product/t2h-shower-gel,https://indianskinco.github.io/iss-catalog-images/p/28810662.jpg,Strata,Health & Beauty > Personal Care > Cosmetics > Skin Care > Face Wash,
19312646,Tyrodin Creamy Lotion 100ml,"Tyrodin Creamy Lotion 100ml by Canixa Life Sciences Pvt Ltd. Body Care product available at Indian Skin Store, the dermatologist-run skincare pharmacy by Indian Skin®. Pack size: 0.",in stock,new,825.00 INR,https://www.indianskinstore.com/product/tyrodin-creamy-lotion-100ml,https://indianskinco.github.io/iss-catalog-images/p/19312646.jpg,Canixa Life Sciences Pvt Ltd,Health & Beauty > Personal Care > Cosmetics > Skin Care,
23185248,Ultradew Cream,"Ultradew Cream by Ama Herbal Loboratories. Body Care product available at Indian Skin Store, the dermatologist-run skincare pharmacy by Indian Skin®. Pack size: 100GM.",in stock,new,275.00 INR,https://www.indianskinstore.com/product/ultradew-cream,https://indianskinco.github.io/iss-catalog-images/p/23185248.jpg,Ama Herbal Loboratories,Health & Beauty > Personal Care > Cosmetics > Skin Care,
28891447,Unclog Spray,"Unclog Spray by Ad Cure Derma. Body Care product available at Indian Skin Store, the dermatologist-run skincare pharmacy by Indian Skin®. Pack size: 50ML.",in stock,new,525.00 INR,https://www.indianskinstore.com/product/unclog-spray,https://indianskinco.github.io/iss-catalog-images/p/28891447.jpg,Ad Cure Derma,Health & Beauty > Personal Care > Cosmetics > Skin Care,
18898857,Venusia Derm Cream 75GM 75GM,"Venusia Derm Cream 75GM 75GM by Dr Reddy'S. Body Care product available at Indian Skin Store, the dermatologist-run skincare pharmacy by Indian Skin®. Pack size: 75GM.",in stock,new,0.00 INR,https://www.indianskinstore.com/product/venusia-derm-cream-75gm-75gm,https://indianskinco.github.io/iss-catalog-images/p/18898857.jpg,Dr Reddy'S,Health & Beauty > Personal Care > Cosmetics > Skin Care,
18873422,Venusia Derm Moisturizing Cream 75GM,"Venusia Derm Moisturizing Cream 75GM by Dr Reddy'S. Body Care product available at Indian Skin Store, the dermatologist-run skincare pharmacy by Indian Skin®. Pack size: 1*75GM.",in stock,new,249.00 INR,https://www.indianskinstore.com/product/venusia-derm-moisturizing-cream-75gm,https://indianskinco.github.io/iss-catalog-images/p/18873422.jpg,Dr Reddy'S,Health & Beauty > Personal Care > Cosmetics > Skin Care,
18870499,Xerina Cream,"Xerina Cream by Sun Pharmaceutical Ind.Itd. Body Care product available at Indian Skin Store, the dermatologist-run skincare pharmacy by Indian Skin®. Pack size: 1.",in stock,new,460.00 INR,https://www.indianskinstore.com/product/xerina-cream,https://indianskinco.github.io/iss-catalog-images/p/18870499.jpg,Sun Pharmaceutical Ind.Itd,Health & Beauty > Personal Care > Cosmetics > Skin Care,
19312688,Xerina Cream 50GM,"Xerina Cream 50GM by Sun Pharmaceutical Ind.Itd. Body Care product available at Indian Skin Store, the dermatologist-run skincare pharmacy by Indian Skin®. Pack size: 0.",in stock,new,487.00 INR,https://www.indianskinstore.com/product/xerina-cream-50gm,https://indianskinco.github.io/iss-catalog-images/p/19312688.jpg,Sun Pharmaceutical Ind.Itd,Health & Beauty > Personal Care > Cosmetics > Skin Care,
29382417,Xerina Ds Cream,"Xerina Ds Cream by Sun Pharmaceutical Ind.Itd. Body Care product available at Indian Skin Store, the dermatologist-run skincare pharmacy by Indian Skin®. Pack size: 50GM.",in stock,new,530.00 INR,https://www.indianskinstore.com/product/xerina-ds-cream,https://indianskinco.github.io/iss-catalog-images/p/29382417.jpg,Sun Pharmaceutical Ind.Itd,Health & Beauty > Personal Care > Cosmetics > Skin Care,
19308512,8X Kt Shampoo 60ML,"8X Kt Shampoo 60ML by Cipla Limited. Scalp Care product available at Indian Skin Store, the dermatologist-run skincare pharmacy by Indian Skin®. Pack size: 0.",in stock,new,304.28 INR,https://www.indianskinstore.com/product/8x-kt-shampoo-60ml,https://indianskinco.github.io/iss-catalog-images/p/19308512.jpg,Cipla Limited,Health & Beauty > Personal Care > Hair Care > Hair Care Kits,
19308513,8X Shampoo 120ml,"8X Shampoo 120ml by Cipla Limited. Scalp Care product available at Indian Skin Store, the dermatologist-run skincare pharmacy by Indian Skin®. Pack size: 0.",in stock,new,505.84 INR,https://www.indianskinstore.com/product/8x-shampoo-120ml,https://indianskinco.github.io/iss-catalog-images/p/19308513.jpg,Cipla Limited,Health & Beauty > Personal Care > Hair Care > Hair Care Kits,
28799972,Bioglim Conditioner,"Bioglim Conditioner by Bionam Pharmacos. Conditioning product available at Indian Skin Store, the dermatologist-run skincare pharmacy by Indian Skin®. Pack size: 200ML.",in stock,new,649.00 INR,https://www.indianskinstore.com/product/bioglim-conditioner,https://indianskinco.github.io/iss-catalog-images/p/28799972.jpg,Bionam Pharmacos,Health & Beauty > Personal Care > Hair Care > Hair Conditioner,
19308578,Biowright Oil 80ML,"Biowright Oil 80ML by Linux Laboratories. Scalp Care product available at Indian Skin Store, the dermatologist-run skincare pharmacy by Indian Skin®. Pack size: 80ML.",in stock,new,242.00 INR,https://www.indianskinstore.com/product/biowright-oil-80ml,https://indianskinco.github.io/iss-catalog-images/p/19308578.jpg,Linux Laboratories,Health & Beauty > Personal Care > Hair Care > Hair Care Kits,
28789806,C Ro Hair Oil,"C Ro Hair Oil by Bihans. Scalp Care product available at Indian Skin Store, the dermatologist-run skincare pharmacy by Indian Skin®. Pack size: 100ML.",in stock,new,395.00 INR,https://www.indianskinstore.com/product/c-ro-hair-oil,https://indianskinco.github.io/iss-catalog-images/p/28789806.jpg,Bihans,Health & Beauty > Personal Care > Hair Care > Hair Care Kits,
29371623,Candidox Shampoo 100ml 100ml,"Candidox Shampoo 100ml 100ml by Glenmark Pharmaceuticals Ltd. Scalp Care product available at Indian Skin Store, the dermatologist-run skincare pharmacy by Indian Skin®. Pack size: 100ML.",in stock,new,403.01 INR,https://www.indianskinstore.com/product/candidox-shampoo-100ml-100ml,https://indianskinco.github.io/iss-catalog-images/p/29371623.jpg,Glenmark Pharmaceuticals Ltd,Health & Beauty > Personal Care > Hair Care > Hair Care Kits,
18889185,Endruff Lotion 100ml 100ml,"Endruff Lotion 100ml 100ml by Nulife Pharmaceuticals. Scalp Care product available at Indian Skin Store, the dermatologist-run skincare pharmacy by Indian Skin®. Pack size: 100ML.",in stock,new,87.00 INR,https://www.indianskinstore.com/product/endruff-lotion-100ml-100ml,https://indianskinco.github.io/iss-catalog-images/p/18889185.jpg,Nulife Pharmaceuticals,Health & Beauty > Personal Care > Hair Care > Hair Care Kits,
28751634,Fullnoir,"Fullnoir by Bdr Dermacare. Scalp Care product available at Indian Skin Store, the dermatologist-run skincare pharmacy by Indian Skin®. Pack size: 60 ML.",in stock,new,1290.00 INR,https://www.indianskinstore.com/product/fullnoir,https://indianskinco.github.io/iss-catalog-images/p/28751634.jpg,Bdr Dermacare,Health & Beauty > Personal Care > Hair Care > Hair Care Kits,
19309630,H-wash Shampoo 100ml,"H-wash Shampoo 100ml by Ethialll Remedies. Scalp Care product available at Indian Skin Store, the dermatologist-run skincare pharmacy by Indian Skin®. Pack size: 100ML.",in stock,new,420.00 INR,https://www.indianskinstore.com/product/h-wash-shampoo-100ml,https://indianskinco.github.io/iss-catalog-images/p/19309630.jpg,Ethialll Remedies,Health & Beauty > Personal Care > Hair Care > Hair Care Kits,
26054652,Hairglaze Conditioner,"Hairglaze Conditioner by Revetime. Conditioning product available at Indian Skin Store, the dermatologist-run skincare pharmacy by Indian Skin®. Pack size: 200ML.",in stock,new,500.00 INR,https://www.indianskinstore.com/product/hairglaze-conditioner,https://indianskinco.github.io/iss-catalog-images/p/26054652.jpg,Revetime,Health & Beauty > Personal Care > Hair Care > Hair Conditioner,
26054653,Hairglaze Mask,"Hairglaze Mask by Revetime. Conditioning product available at Indian Skin Store, the dermatologist-run skincare pharmacy by Indian Skin®. Pack size: 200ML.",in stock,new,650.00 INR,https://www.indianskinstore.com/product/hairglaze-mask,https://indianskinco.github.io/iss-catalog-images/p/26054653.jpg,Revetime,Health & Beauty > Personal Care > Hair Care > Hair Conditioner,
26056491,Hairglaze Shampoo,"Hairglaze Shampoo by Revetime. Scalp Care product available at Indian Skin Store, the dermatologist-run skincare pharmacy by Indian Skin®. Pack size: 200ML.",in stock,new,450.00 INR,https://www.indianskinstore.com/product/hairglaze-shampoo,https://indianskinco.github.io/iss-catalog-images/p/26056491.jpg,Revetime,Health & Beauty > Personal Care > Hair Care > Hair Care Kits,
19309616,Halixir Oil 100ml,"Halixir Oil 100ml by Ethicare Remedies. Scalp Care product available at Indian Skin Store, the dermatologist-run skincare pharmacy by Indian Skin®. Pack size: 0.",in stock,new,355.00 INR,https://www.indianskinstore.com/product/halixir-oil-100ml,https://indianskinco.github.io/iss-catalog-images/p/19309616.jpg,Ethicare Remedies,Health & Beauty > Personal Care > Hair Care > Hair Care Kits,
19309663,Ivrea Shampoo 30ML,"Ivrea Shampoo 30ML by Ajanta Pharma Ltd. Scalp Care product available at Indian Skin Store, the dermatologist-run skincare pharmacy by Indian Skin®. Pack size: 0.",in stock,new,127.97 INR,https://www.indianskinstore.com/product/ivrea-shampoo-30ml,https://indianskinco.github.io/iss-catalog-images/p/19309663.jpg,Ajanta Pharma Ltd,Health & Beauty > Personal Care > Hair Care > Hair Care Kits,
19309673,Keramote Conditioner 100ml,"Keramote Conditioner 100ml by Ceuticoz. Conditioning product available at Indian Skin Store, the dermatologist-run skincare pharmacy by Indian Skin®. Pack size: 0.",in stock,new,370.00 INR,https://www.indianskinstore.com/product/keramote-conditioner-100ml,https://indianskinco.github.io/iss-catalog-images/p/19309673.jpg,Ceuticoz,Health & Beauty > Personal Care > Hair Care > Hair Conditioner,
19309674,Keramote Shampoo Lot 75ML,"Keramote Shampoo Lot 75ML by Ceuticoz. Scalp Care product available at Indian Skin Store, the dermatologist-run skincare pharmacy by Indian Skin®. Pack size: 100ML.",in stock,new,390.00 INR,https://www.indianskinstore.com/product/keramote-shampoo-lot-75ml,https://indianskinco.github.io/iss-catalog-images/p/19309674.jpg,Ceuticoz,Health & Beauty > Personal Care > Hair Care > Hair Care Kits,
19312381,La-matisse Conditioner 100gm,"La-matisse Conditioner 100gm by Linux Laboratories. Conditioning product available at Indian Skin Store, the dermatologist-run skincare pharmacy by Indian Skin®. Pack size: 0.",in stock,new,625.00 INR,https://www.indianskinstore.com/product/la-matisse-conditioner-100gm,https://indianskinco.github.io/iss-catalog-images/p/19312381.jpg,Linux Laboratories,Health & Beauty > Personal Care > Hair Care > Hair Conditioner,
28811180,Logidruf S Lotion,"Logidruf S Lotion by Canixa Life Sciences Pvt Ltd. Scalp Care product available at Indian Skin Store, the dermatologist-run skincare pharmacy by Indian Skin®. Pack size: 1*100ML.",in stock,new,328.00 INR,https://www.indianskinstore.com/product/logidruf-s-lotion,https://indianskinco.github.io/iss-catalog-images/p/28811180.jpg,Canixa Life Sciences Pvt Ltd,Health & Beauty > Personal Care > Hair Care > Hair Care Kits,
28770432,Magidruf,"Magidruf by Oziel Pharma. Scalp Care product available at Indian Skin Store, the dermatologist-run skincare pharmacy by Indian Skin®. Pack size: 100ML.",in stock,new,253.60 INR,https://www.indianskinstore.com/product/magidruf,https://indianskinco.github.io/iss-catalog-images/p/28770432.jpg,Oziel Pharma,Health & Beauty > Personal Care > Hair Care > Hair Care Kits,
28860486,Meldone,"Meldone by Skinocean. Scalp Care product available at Indian Skin Store, the dermatologist-run skincare pharmacy by Indian Skin®. Pack size: 60ML.",in stock,new,1350.00 INR,https://www.indianskinstore.com/product/meldone,https://indianskinco.github.io/iss-catalog-images/p/28860486.jpg,Skinocean,Health & Beauty > Personal Care > Hair Care > Hair Care Kits,
28872881,Pellemild Daily Shampoo,"Pellemild Daily Shampoo by Atopic Laboratories Pvt.Ltd.,. Scalp Care product available at Indian Skin Store, the dermatologist-run skincare pharmacy by Indian Skin®. Pack size: 1*100ML.",in stock,new,289.00 INR,https://www.indianskinstore.com/product/pellemild-daily-shampoo,https://indianskinco.github.io/iss-catalog-images/p/28872881.jpg,"Atopic Laboratories Pvt.Ltd.,",Health & Beauty > Personal Care > Hair Care > Hair Care Kits,
19310656,Perlice 1% Cream Rinse 120gm,"Perlice 1% Cream Rinse 120gm by Torrent Pharmaceutical Ltd. Scalp Care product available at Indian Skin Store, the dermatologist-run skincare pharmacy by Indian Skin®. Pack size: 0.",in stock,new,193.49 INR,https://www.indianskinstore.com/product/perlice-1%-cream-rinse-120gm,https://indianskinco.github.io/iss-catalog-images/p/19310656.jpg,Torrent Pharmaceutical Ltd,Health & Beauty > Personal Care > Hair Care > Hair Care Kits,
24273022,Powercort Shampoo,"Powercort Shampoo by Eris Oaknet. Scalp Care product available at Indian Skin Store, the dermatologist-run skincare pharmacy by Indian Skin®. Pack size: 100ML.",in stock,new,334.25 INR,https://www.indianskinstore.com/product/powercort-shampoo,https://indianskinco.github.io/iss-catalog-images/p/24273022.jpg,Eris Oaknet,Health & Beauty > Personal Care > Hair Care > Hair Care Kits,
19310690,Remigrow Hair Oil 100ml,"Remigrow Hair Oil 100ml by Skin Science Laboratories Pvt Ltd. Scalp Care product available at Indian Skin Store, the dermatologist-run skincare pharmacy by Indian Skin®. Pack size: 0.",in stock,new,380.00 INR,https://www.indianskinstore.com/product/remigrow-hair-oil-100ml,https://indianskinco.github.io/iss-catalog-images/p/19310690.jpg,Skin Science Laboratories Pvt Ltd,Health & Beauty > Personal Care > Hair Care > Hair Care Kits,
18869426,Renocia Hair Conditioner 110ml,"Renocia Hair Conditioner 110ml by Alkem Laboratories Ltd.. Conditioning product available at Indian Skin Store, the dermatologist-run skincare pharmacy by Indian Skin®. Pack size: 1*110ML.",in stock,new,985.00 INR,https://www.indianskinstore.com/product/renocia-hair-conditioner-110ml,https://indianskinco.github.io/iss-catalog-images/p/18869426.jpg,Alkem Laboratories Ltd.,Health & Beauty > Personal Care > Hair Care > Hair Conditioner,
28872846,Resver B31 Shampoo,"Resver B31 Shampoo by Genesis Cosmotech. Scalp Care product available at Indian Skin Store, the dermatologist-run skincare pharmacy by Indian Skin®. Pack size: 200 ML.",in stock,new,599.00 INR,https://www.indianskinstore.com/product/resver-b31-shampoo,https://indianskinco.github.io/iss-catalog-images/p/28872846.jpg,Genesis Cosmotech,Health & Beauty > Personal Care > Hair Care > Hair Care Kits,
19310695,Revgrey Solution 30ML,"Revgrey Solution 30ML by Apex Laboratories Pvt Ltd. Scalp Care product available at Indian Skin Store, the dermatologist-run skincare pharmacy by Indian Skin®. Pack size: 30ML.",in stock,new,820.00 INR,https://www.indianskinstore.com/product/revgrey-solution-30ml,https://indianskinco.github.io/iss-catalog-images/p/19310695.jpg,Apex Laboratories Pvt Ltd,Health & Beauty > Personal Care > Hair Care > Hair Care Kits,
18857444,Salisia Kt Shampoo,"Salisia Kt Shampoo by Ajanta Pharma Ltd.. Scalp Care product available at Indian Skin Store, the dermatologist-run skincare pharmacy by Indian Skin®. Pack size: 75ML.",in stock,new,342.19 INR,https://www.indianskinstore.com/product/salisia-kt-shampoo,https://indianskinco.github.io/iss-catalog-images/p/18857444.jpg,Ajanta Pharma Ltd.,Health & Beauty > Personal Care > Hair Care > Hair Care Kits,
19310711,Scalpe Plus Lotion 75ML,"Scalpe Plus Lotion 75ML by Glenmark Pharmaceuticals Ltd.. Scalp Care product available at Indian Skin Store, the dermatologist-run skincare pharmacy by Indian Skin®. Pack size: 0.",in stock,new,306.50 INR,https://www.indianskinstore.com/product/scalpe-plus-lotion-75ml,https://indianskinco.github.io/iss-catalog-images/p/19310711.jpg,Glenmark Pharmaceuticals Ltd.,Health & Beauty > Personal Care > Hair Care > Hair Care Kits,
18870498,Selsun S Shampoo 120ml,"Selsun S Shampoo 120ml by Abbott Healthcare Pvt Ltd. Scalp Care product available at Indian Skin Store, the dermatologist-run skincare pharmacy by Indian Skin®. Pack size: 1*120ML.",in stock,new,549.00 INR,https://www.indianskinstore.com/product/selsun-s-shampoo-120ml,https://indianskinco.github.io/iss-catalog-images/p/18870498.jpg,Abbott Healthcare Pvt Ltd,Health & Beauty > Personal Care > Hair Care > Hair Care Kits,
19311333,Trichoexito Hair Mask 200G,"Trichoexito Hair Mask 200G by Ubik Solutions Pvt. Ltd. Conditioning product available at Indian Skin Store, the dermatologist-run skincare pharmacy by Indian Skin®. Pack size: 0.",in stock,new,1200.00 INR,https://www.indianskinstore.com/product/trichoexito-hair-mask-200g,https://indianskinco.github.io/iss-catalog-images/p/19311333.jpg,Ubik Solutions Pvt. Ltd,Health & Beauty > Personal Care > Hair Care > Hair Conditioner,
19311334,Trichoexito Shampoo 250ml,"Trichoexito Shampoo 250ml by Ubik Solutions Pvt. Ltd. Scalp Care product available at Indian Skin Store, the dermatologist-run skincare pharmacy by Indian Skin®. Pack size: 0.",in stock,new,1200.00 INR,https://www.indianskinstore.com/product/trichoexito-shampoo-250ml,https://indianskinco.github.io/iss-catalog-images/p/19311334.jpg,Ubik Solutions Pvt. Ltd,Health & Beauty > Personal Care > Hair Care > Hair Care Kits,
19311336,Trichowell Hair Nourish Serum 50ML,"Trichowell Hair Nourish Serum 50ML by Vegetal Bioactives Pvt.Ltd. Conditioning product available at Indian Skin Store, the dermatologist-run skincare pharmacy by Indian Skin®. Pack size: 50ML.",in stock,new,450.00 INR,https://www.indianskinstore.com/product/trichowell-hair-nourish-serum-50ml,https://indianskinco.github.io/iss-catalog-images/p/19311336.jpg,Vegetal Bioactives Pvt.Ltd,Health & Beauty > Personal Care > Hair Care > Hair Conditioner,
19311339,Tricopecia Hair Serum 60ML,"Tricopecia Hair Serum 60ML by Jvj Pharmaceuticals Pvt Ltd. Conditioning product available at Indian Skin Store, the dermatologist-run skincare pharmacy by Indian Skin®. Pack size: 0.",in stock,new,1299.00 INR,https://www.indianskinstore.com/product/tricopecia-hair-serum-60ml,https://indianskinco.github.io/iss-catalog-images/p/19311339.jpg,Jvj Pharmaceuticals Pvt Ltd,Health & Beauty > Personal Care > Hair Care > Hair Conditioner,
29089903,Tugain Hair Serum,"Tugain Hair Serum by Cipla Health Limited. Conditioning product available at Indian Skin Store, the dermatologist-run skincare pharmacy by Indian Skin®. Pack size: 100ML.",in stock,new,650.00 INR,https://www.indianskinstore.com/product/tugain-hair-serum,https://indianskinco.github.io/iss-catalog-images/p/29089903.jpg,Cipla Health Limited,Health & Beauty > Personal Care > Hair Care > Hair Conditioner,
19312686,Xaliderm Solution 50ML,"Xaliderm Solution 50ML by Klm Laboratories Pvt.Ltd.. Scalp Care product available at Indian Skin Store, the dermatologist-run skincare pharmacy by Indian Skin®. Pack size: 50ML.",in stock,new,328.13 INR,https://www.indianskinstore.com/product/xaliderm-solution-50ml,https://indianskinco.github.io/iss-catalog-images/p/19312686.jpg,Klm Laboratories Pvt.Ltd.,Health & Beauty > Personal Care > Hair Care > Hair Care Kits,
28633118,Xampu-kz Shampoo,"Xampu-kz Shampoo by Mankind Pharmaceuticals Ltd. Scalp Care product available at Indian Skin Store, the dermatologist-run skincare pharmacy by Indian Skin®. Pack size: 100ML.",in stock,new,368.09 INR,https://www.indianskinstore.com/product/xampu-kz-shampoo,https://indianskinco.github.io/iss-catalog-images/p/28633118.jpg,Mankind Pharmaceuticals Ltd,Health & Beauty > Personal Care > Hair Care > Hair Care Kits,
28612731,Ac Sheer 50 Spf,"Ac Sheer 50 Spf by Ubik Solutions Pvt. Ltd. Sun Protection product available at Indian Skin Store, the dermatologist-run skincare pharmacy by Indian Skin®. Pack size: 50 G.",in stock,new,1190.00 INR,https://www.indianskinstore.com/product/ac-sheer-50-spf,https://indianskinco.github.io/iss-catalog-images/p/28612731.jpg,Ubik Solutions Pvt. Ltd,Health & Beauty > Personal Care > Cosmetics > Sun Care,
19308523,Acmed Plus F/w 250ml,"Acmed Plus F/w 250ml by Ubik Solutions Pvt. Ltd. Cleansers product available at Indian Skin Store, the dermatologist-run skincare pharmacy by Indian Skin®. Pack size: 250ML.",in stock,new,350.00 INR,https://www.indianskinstore.com/product/acmed-plus-f/w-250ml,https://indianskinco.github.io/iss-catalog-images/p/19308523.jpg,Ubik Solutions Pvt. Ltd,Health & Beauty > Personal Care > Cosmetics > Skin Care > Face Wash,
18881430,Acne Oc Moisturizer,"Acne Oc Moisturizer by Ipca Health Private Limited. Moisturiser product available at Indian Skin Store, the dermatologist-run skincare pharmacy by Indian Skin®. Pack size: 75 gm.",in stock,new,618.00 INR,https://www.indianskinstore.com/product/acne-oc-moisturizer,https://indianskinco.github.io/iss-catalog-images/p/18881430.jpg,Ipca Health Private Limited,Health & Beauty > Personal Care > Cosmetics > Skin Care > Lotion & Moisturizer,
19308527,Acne-uv Gel Spf 50 50GM,"Acne-uv Gel Spf 50 50GM by Ipca Health Private Limited. Sun Protection product available at Indian Skin Store, the dermatologist-run skincare pharmacy by Indian Skin®. Pack size: 0.",in stock,new,975.00 INR,https://www.indianskinstore.com/product/acne-uv-gel-spf-50-50gm,https://indianskinco.github.io/iss-catalog-images/p/19308527.jpg,Ipca Health Private Limited,Health & Beauty > Personal Care > Cosmetics > Sun Care,
29107484,Acnemoist Bar,"Acnemoist Bar by Torrent Pharmaceuticals Ltd.. Cleansers product available at Indian Skin Store, the dermatologist-run skincare pharmacy by Indian Skin®. Pack size: 100GM.",in stock,new,298.50 INR,https://www.indianskinstore.com/product/acnemoist-bar,https://indianskinco.github.io/iss-catalog-images/p/29107484.jpg,Torrent Pharmaceuticals Ltd.,Health & Beauty > Personal Care > Cosmetics > Skin Care > Face Wash,
18869649,Acnemoist Cream 60GM,"Acnemoist Cream 60GM by Torrent Pharmaceuticals Ltd.. Moisturiser product available at Indian Skin Store, the dermatologist-run skincare pharmacy by Indian Skin®. Pack size: 1*60G.",in stock,new,494.00 INR,https://www.indianskinstore.com/product/acnemoist-cream-60gm,https://indianskinco.github.io/iss-catalog-images/p/18869649.jpg,Torrent Pharmaceuticals Ltd.,Health & Beauty > Personal Care > Cosmetics > Skin Care > Lotion & Moisturizer,
19308533,Ageret Lot 20ML,"Ageret Lot 20ML by Biopharmacieaa Pvt. Ltd. Anti-Aging product available at Indian Skin Store, the dermatologist-run skincare pharmacy by Indian Skin®. Pack size: 0.",in stock,new,1089.00 INR,https://www.indianskinstore.com/product/ageret-lot-20ml,https://indianskinco.github.io/iss-catalog-images/p/19308533.jpg,Biopharmacieaa Pvt. Ltd,Health & Beauty > Personal Care > Cosmetics > Skin Care > Anti-Aging Skin Care Kits,
19308534,Ahaglow F/w 50GM,"Ahaglow F/w 50GM by Torrent Pharmaceuticals Ltd.. Cleansers product available at Indian Skin Store, the dermatologist-run skincare pharmacy by Indian Skin®. Pack size: 0.",in stock,new,357.00 INR,https://www.indianskinstore.com/product/ahaglow-f/w-50gm,https://indianskinco.github.io/iss-catalog-images/p/19308534.jpg,Torrent Pharmaceuticals Ltd.,Health & Beauty > Personal Care > Cosmetics > Skin Care > Face Wash,
29026443,Ahaglow Facepads,"Ahaglow Facepads by Torrent Pharmaceuticals Ltd.. Cleansers product available at Indian Skin Store, the dermatologist-run skincare pharmacy by Indian Skin®. Pack size: 30s.",in stock,new,315.00 INR,https://www.indianskinstore.com/product/ahaglow-facepads,https://indianskinco.github.io/iss-catalog-images/p/29026443.jpg,Torrent Pharmaceuticals Ltd.,Health & Beauty > Personal Care > Cosmetics > Skin Care > Face Wash,
19308535,Ahaglow-s F/w 60ML,"Ahaglow-s F/w 60ML by Torrent Pharmaceuticals Ltd.. Cleansers product available at Indian Skin Store, the dermatologist-run skincare pharmacy by Indian Skin®. Pack size: 0.",in stock,new,675.00 INR,https://www.indianskinstore.com/product/ahaglow-s-f/w-60ml,https://indianskinco.github.io/iss-catalog-images/p/19308535.jpg,Torrent Pharmaceuticals Ltd.,Health & Beauty > Personal Care > Cosmetics > Skin Care > Face Wash,
28771330,Akosma Eco Spf50+,"Akosma Eco Spf50+ by Akosma Limited. Sun Protection product available at Indian Skin Store, the dermatologist-run skincare pharmacy by Indian Skin®. Pack size: 50ML.",in stock,new,1099.00 INR,https://www.indianskinstore.com/product/akosma-eco-spf50+,https://indianskinco.github.io/iss-catalog-images/p/28771330.jpg,Akosma Limited,Health & Beauty > Personal Care > Cosmetics > Sun Care,
25366960,Akosma Micellar Face Toner,"Akosma Micellar Face Toner by Akosma Limited. Moisturiser product available at Indian Skin Store, the dermatologist-run skincare pharmacy by Indian Skin®. Pack size: 120 ML.",in stock,new,899.00 INR,https://www.indianskinstore.com/product/akosma-micellar-face-toner,https://indianskinco.github.io/iss-catalog-images/p/25366960.jpg,Akosma Limited,Health & Beauty > Personal Care > Cosmetics > Skin Care > Lotion & Moisturizer,
19308543,Aloglow-uv Spf 50 50GM,"Aloglow-uv Spf 50 50GM by Lyra Laboratories Pvt. Ltd.. Sun Protection product available at Indian Skin Store, the dermatologist-run skincare pharmacy by Indian Skin®. Pack size: 0.",in stock,new,550.00 INR,https://www.indianskinstore.com/product/aloglow-uv-spf-50-50gm,https://indianskinco.github.io/iss-catalog-images/p/19308543.jpg,Lyra Laboratories Pvt. Ltd.,Health & Beauty > Personal Care > Cosmetics > Sun Care,
19651864,Amvel-sr,"Amvel-sr by Skya Transdermic. Anti-Aging product available at Indian Skin Store, the dermatologist-run skincare pharmacy by Indian Skin®. Pack size: 30ML.",in stock,new,945.00 INR,https://www.indianskinstore.com/product/amvel-sr,https://indianskinco.github.io/iss-catalog-images/p/19651864.jpg,Skya Transdermic,Health & Beauty > Personal Care > Cosmetics > Skin Care > Anti-Aging Skin Care Kits,
27695909,Aqua-lip,"Aqua-lip by Izng Healthcare Pvt Ltd. Lipcare product available at Indian Skin Store, the dermatologist-run skincare pharmacy by Indian Skin®. Pack size: 10 GM.",in stock,new,185.00 INR,https://www.indianskinstore.com/product/aqua-lip,https://indianskinco.github.io/iss-catalog-images/p/27695909.jpg,Izng Healthcare Pvt Ltd,Health & Beauty > Personal Care > Cosmetics > Skin Care > Lip Balms & Treatments,
28846502,Aquasoft Night Cream,"Aquasoft Night Cream by Ajanta Pharma Ltd. Anti-Aging product available at Indian Skin Store, the dermatologist-run skincare pharmacy by Indian Skin®. Pack size: 50 GM.",in stock,new,899.00 INR,https://www.indianskinstore.com/product/aquasoft-night-cream,https://indianskinco.github.io/iss-catalog-images/p/28846502.jpg,Ajanta Pharma Ltd,Health & Beauty > Personal Care > Cosmetics > Skin Care > Anti-Aging Skin Care Kits,
28628309,Atomy Energizing All In One,"Atomy Energizing All In One by Atomy Eterprise India Pvt. Ltd. Moisturizers product available at Indian Skin Store, the dermatologist-run skincare pharmacy by Indian Skin®. Pack size: 80ML.",in stock,new,2000.00 INR,https://www.indianskinstore.com/product/atomy-energizing-all-in-one,https://indianskinco.github.io/iss-catalog-images/p/28628309.jpg,Atomy Eterprise India Pvt. Ltd,Health & Beauty > Personal Care > Cosmetics > Skin Care > Lotion & Moisturizer,
28628313,Atomy Peel-off Mask,"Atomy Peel-off Mask by Atomy Eterprise India Pvt. Ltd. Mask product available at Indian Skin Store, the dermatologist-run skincare pharmacy by Indian Skin®. Pack size: 120 ML.",in stock,new,900.00 INR,https://www.indianskinstore.com/product/atomy-peel-off-mask,https://indianskinco.github.io/iss-catalog-images/p/28628313.jpg,Atomy Eterprise India Pvt. Ltd,Health & Beauty > Personal Care > Cosmetics > Skin Care > Facial Masks,
28628314,Atomy Peeling Gel,"Atomy Peeling Gel by Atomy Eterprise India Pvt. Ltd. Mask product available at Indian Skin Store, the dermatologist-run skincare pharmacy by Indian Skin®. Pack size: 120ML.",in stock,new,900.00 INR,https://www.indianskinstore.com/product/atomy-peeling-gel,https://indianskinco.github.io/iss-catalog-images/p/28628314.jpg,Atomy Eterprise India Pvt. Ltd,Health & Beauty > Personal Care > Cosmetics > Skin Care > Facial Masks,
29505495,Banray Cream Gel,"Banray Cream Gel by Ajanta Pharma Limited. Sun Protection product available at Indian Skin Store, the dermatologist-run skincare pharmacy by Indian Skin®. Pack size: 50GM.",in stock,new,892.00 INR,https://www.indianskinstore.com/product/banray-cream-gel,https://indianskinco.github.io/iss-catalog-images/p/29505495.jpg,Ajanta Pharma Limited,Health & Beauty > Personal Care > Cosmetics > Sun Care,
19308580,Bio Yuth Serum 30ML,"Bio Yuth Serum 30ML by Mediowins Biotecg Pvt Lyd. Anti-Aging product available at Indian Skin Store, the dermatologist-run skincare pharmacy by Indian Skin®. Pack size: 30ML.",in stock,new,1299.00 INR,https://www.indianskinstore.com/product/bio-yuth-serum-30ml,https://indianskinco.github.io/iss-catalog-images/p/19308580.jpg,Mediowins Biotecg Pvt Lyd,Health & Beauty > Personal Care > Cosmetics > Skin Care > Anti-Aging Skin Care Kits,
28856806,Biosilk Max Cream,"Biosilk Max Cream by Ajanta Pharma Ltd. Moisturizers product available at Indian Skin Store, the dermatologist-run skincare pharmacy by Indian Skin®. Pack size: 150GM.",in stock,new,850.00 INR,https://www.indianskinstore.com/product/biosilk-max-cream,https://indianskinco.github.io/iss-catalog-images/p/28856806.jpg,Ajanta Pharma Ltd,Health & Beauty > Personal Care > Cosmetics > Skin Care > Lotion & Moisturizer,
19308586,Blu-bloc 50GM,"Blu-bloc 50GM by Bihans. Sun Protection product available at Indian Skin Store, the dermatologist-run skincare pharmacy by Indian Skin®. Pack size: 0.",in stock,new,648.00 INR,https://www.indianskinstore.com/product/blu-bloc-50gm,https://indianskinco.github.io/iss-catalog-images/p/19308586.jpg,Bihans,Health & Beauty > Personal Care > Cosmetics > Sun Care,
24273018,Blynds Pro Spf 80,"Blynds Pro Spf 80 by Intas Pharmaceuticals Ltd.. Sun Protection product available at Indian Skin Store, the dermatologist-run skincare pharmacy by Indian Skin®. Pack size: 1*50GM.",in stock,new,850.00 INR,https://www.indianskinstore.com/product/blynds-pro-spf-80,https://indianskinco.github.io/iss-catalog-images/p/24273018.jpg,Intas Pharmaceuticals Ltd.,Health & Beauty > Personal Care > Cosmetics > Sun Care,
25918090,Cerasoft Oc,"Cerasoft Oc by Grace Derma Healthcare Pvt Ltd.. Moisturizers product available at Indian Skin Store, the dermatologist-run skincare pharmacy by Indian Skin®. Pack size: 50GM.",in stock,new,395.00 INR,https://www.indianskinstore.com/product/cerasoft-oc,https://indianskinco.github.io/iss-catalog-images/p/25918090.jpg,Grace Derma Healthcare Pvt Ltd.,Health & Beauty > Personal Care > Cosmetics > Skin Care > Lotion & Moisturizer,
18886280,Cetaphil Dam 100gm 100gm,"Cetaphil Dam 100gm 100gm by Galderma India Pvt.Ltd.,. Moisturizers product available at Indian Skin Store, the dermatologist-run skincare pharmacy by Indian Skin®. Pack size: 100GM.",in stock,new,195.00 INR,https://www.indianskinstore.com/product/cetaphil-dam-100gm-100gm,https://indianskinco.github.io/iss-catalog-images/p/18886280.jpg,"Galderma India Pvt.Ltd.,",Health & Beauty > Personal Care > Cosmetics > Skin Care > Lotion & Moisturizer,
19308686,Cetaphil Gentle Sk/cl 125ml,"Cetaphil Gentle Sk/cl 125ml by Galderma India Pvt.Ltd.,. Cleansers product available at Indian Skin Store, the dermatologist-run skincare pharmacy by Indian Skin®. Pack size: 0.",in stock,new,399.00 INR,https://www.indianskinstore.com/product/cetaphil-gentle-sk/cl-125ml,https://indianskinco.github.io/iss-catalog-images/p/19308686.jpg,"Galderma India Pvt.Ltd.,",Health & Beauty > Personal Care > Cosmetics > Skin Care > Face Wash,
18886285,Cetaphil Moist Lotion 250ml 250ml,"Cetaphil Moist Lotion 250ml 250ml by Galderma India Pvt.Ltd.,. Moisturizers product available at Indian Skin Store, the dermatologist-run skincare pharmacy by Indian Skin®. Pack size: 250ML.",in stock,new,0.00 INR,https://www.indianskinstore.com/product/cetaphil-moist-lotion-250ml-250ml,https://indianskinco.github.io/iss-catalog-images/p/18886285.jpg,"Galderma India Pvt.Ltd.,",Health & Beauty > Personal Care > Cosmetics > Skin Care > Lotion & Moisturizer,
19308690,Cetaphil Os 125ml,"Cetaphil Os 125ml by Galderma India Pvt.Ltd.,. Moisturizers product available at Indian Skin Store, the dermatologist-run skincare pharmacy by Indian Skin®. Pack size: 0.",in stock,new,699.00 INR,https://www.indianskinstore.com/product/cetaphil-os-125ml,https://indianskinco.github.io/iss-catalog-images/p/19308690.jpg,"Galderma India Pvt.Ltd.,",Health & Beauty > Personal Care > Cosmetics > Skin Care > Lotion & Moisturizer,
19308691,Cetascreen Spf-50 50GM,"Cetascreen Spf-50 50GM by Skinotech Pharmaceuticals Ltd. Sun Protection product available at Indian Skin Store, the dermatologist-run skincare pharmacy by Indian Skin®. Pack size: 0.",in stock,new,360.00 INR,https://www.indianskinstore.com/product/cetascreen-spf-50-50gm,https://indianskinco.github.io/iss-catalog-images/p/19308691.jpg,Skinotech Pharmaceuticals Ltd,Health & Beauty > Personal Care > Cosmetics > Sun Care,
28789762,Clinred-rx Facewash,"Clinred-rx Facewash by Encore Healthcare Pvt Ltd. Cleansers product available at Indian Skin Store, the dermatologist-run skincare pharmacy by Indian Skin®. Pack size: 60ML.",in stock,new,374.06 INR,https://www.indianskinstore.com/product/clinred-rx-facewash,https://indianskinco.github.io/iss-catalog-images/p/28789762.jpg,Encore Healthcare Pvt Ltd,Health & Beauty > Personal Care > Cosmetics > Skin Care > Face Wash,
19308708,Cosmo Q Moisturizing Cream 50GM,"Cosmo Q Moisturizing Cream 50GM by Klm Laboratories. Moisturizers product available at Indian Skin Store, the dermatologist-run skincare pharmacy by Indian Skin®. Pack size: 0.",in stock,new,550.00 INR,https://www.indianskinstore.com/product/cosmo-q-moisturizing-cream-50gm,https://indianskinco.github.io/iss-catalog-images/p/19308708.jpg,Klm Laboratories,Health & Beauty > Personal Care > Cosmetics > Skin Care > Lotion & Moisturizer,
19308711,Curalite Face Wash 75GM,"Curalite Face Wash 75GM by Ceuticoz. Cleansers product available at Indian Skin Store, the dermatologist-run skincare pharmacy by Indian Skin®. Pack size: 0.",in stock,new,390.00 INR,https://www.indianskinstore.com/product/curalite-face-wash-75gm,https://indianskinco.github.io/iss-catalog-images/p/19308711.jpg,Ceuticoz,Health & Beauty > Personal Care > Cosmetics > Skin Care > Face Wash,
28784013,Curi-age Anti Agening Serum,"Curi-age Anti Agening Serum by Curious Biotech. Anti-Aging product available at Indian Skin Store, the dermatologist-run skincare pharmacy by Indian Skin®. Pack size: 30ML.",in stock,new,1550.00 INR,https://www.indianskinstore.com/product/curi-age-anti-agening-serum,https://indianskinco.github.io/iss-catalog-images/p/28784013.jpg,Curious Biotech,Health & Beauty > Personal Care > Cosmetics > Skin Care > Anti-Aging Skin Care Kits,
19308712,Curiglow Face Wash 60 Gm,"Curiglow Face Wash 60 Gm by Curious Biotech. Cleansers product available at Indian Skin Store, the dermatologist-run skincare pharmacy by Indian Skin®. Pack size: 60GM.",in stock,new,270.00 INR,https://www.indianskinstore.com/product/curiglow-face-wash-60-gm,https://indianskinco.github.io/iss-catalog-images/p/19308712.jpg,Curious Biotech,Health & Beauty > Personal Care > Cosmetics > Skin Care > Face Wash,
19308714,Curitret Face Wash 70GM,"Curitret Face Wash 70GM by Curious Biotech. Cleansers product available at Indian Skin Store, the dermatologist-run skincare pharmacy by Indian Skin®. Pack size: 70GM.",in stock,new,250.00 INR,https://www.indianskinstore.com/product/curitret-face-wash-70gm,https://indianskinco.github.io/iss-catalog-images/p/19308714.jpg,Curious Biotech,Health & Beauty > Personal Care > Cosmetics > Skin Care > Face Wash,
29403906,Depiglow Facewash 70GM,"Depiglow Facewash 70GM by Grace Derma Healthcare Pvt Ltd.. Cleansers product available at Indian Skin Store, the dermatologist-run skincare pharmacy by Indian Skin®. Pack size: 1*70GM.",in stock,new,275.00 INR,https://www.indianskinstore.com/product/depiglow-facewash-70gm,https://indianskinco.github.io/iss-catalog-images/p/29403906.jpg,Grace Derma Healthcare Pvt Ltd.,Health & Beauty > Personal Care > Cosmetics > Skin Care > Face Wash,
20334369,Dermithilia Sunscreen,"Dermithilia Sunscreen by Shanti Remedies. Sun Protection product available at Indian Skin Store, the dermatologist-run skincare pharmacy by Indian Skin®. Pack size: 50GM.",in stock,new,475.00 INR,https://www.indianskinstore.com/product/dermithilia-sunscreen,https://indianskinco.github.io/iss-catalog-images/p/20334369.jpg,Shanti Remedies,Health & Beauty > Personal Care > Cosmetics > Sun Care,
20198730,Duvitin Cream 60GM,"Duvitin Cream 60GM by Ceuticoz. Moisturizers product available at Indian Skin Store, the dermatologist-run skincare pharmacy by Indian Skin®. Pack size: 60G.",in stock,new,490.00 INR,https://www.indianskinstore.com/product/duvitin-cream-60gm,https://indianskinco.github.io/iss-catalog-images/p/20198730.jpg,Ceuticoz,Health & Beauty > Personal Care > Cosmetics > Skin Care > Lotion & Moisturizer,
19308762,E-acne Cleansing Pads 30 S,"E-acne Cleansing Pads 30 S by Rely On Pharmaceuticals. Cleansers product available at Indian Skin Store, the dermatologist-run skincare pharmacy by Indian Skin®. Pack size: 0.",in stock,new,199.00 INR,https://www.indianskinstore.com/product/e-acne-cleansing-pads-30-s,https://indianskinco.github.io/iss-catalog-images/p/19308762.jpg,Rely On Pharmaceuticals,Health & Beauty > Personal Care > Cosmetics > Skin Care > Face Wash,
28835451,Eclipse Solar Matte Effect,"Eclipse Solar Matte Effect by Yuderma. Sun Protection product available at Indian Skin Store, the dermatologist-run skincare pharmacy by Indian Skin®. Pack size: 40GM.",in stock,new,1080.00 INR,https://www.indianskinstore.com/product/eclipse-solar-matte-effect,https://indianskinco.github.io/iss-catalog-images/p/28835451.jpg,Yuderma,Health & Beauty > Personal Care > Cosmetics > Sun Care,
19308764,Efatop Hydra Gel 30ML,"Efatop Hydra Gel 30ML by Eris Okanet Healthcare. Moisturizers product available at Indian Skin Store, the dermatologist-run skincare pharmacy by Indian Skin®. Pack size: 0.",in stock,new,1122.00 INR,https://www.indianskinstore.com/product/efatop-hydra-gel-30ml,https://indianskinco.github.io/iss-catalog-images/p/19308764.jpg,Eris Okanet Healthcare,Health & Beauty > Personal Care > Cosmetics > Skin Care > Lotion & Moisturizer,
19308772,Elume Matt Moisture Gel 50GM,"Elume Matt Moisture Gel 50GM by Skin Habit Pvt Ltd. Moisturizers product available at Indian Skin Store, the dermatologist-run skincare pharmacy by Indian Skin®. Pack size: 50GM.",in stock,new,590.00 INR,https://www.indianskinstore.com/product/elume-matt-moisture-gel-50gm,https://indianskinco.github.io/iss-catalog-images/p/19308772.jpg,Skin Habit Pvt Ltd,Health & Beauty > Personal Care > Cosmetics > Skin Care > Lotion & Moisturizer,
19312197,Elume Night Stay Mask 50GM,"Elume Night Stay Mask 50GM by Skin Habit Pvt Ltd. Anti-Aging product available at Indian Skin Store, the dermatologist-run skincare pharmacy by Indian Skin®. Pack size: 0.",in stock,new,830.00 INR,https://www.indianskinstore.com/product/elume-night-stay-mask-50gm,https://indianskinco.github.io/iss-catalog-images/p/19312197.jpg,Skin Habit Pvt Ltd,Health & Beauty > Personal Care > Cosmetics > Skin Care > Anti-Aging Skin Care Kits,
19308774,Elume Oil Control Cleansin Gel 75ML,"Elume Oil Control Cleansin Gel 75ML by Skin Habit Pvt Ltd. Cleansers product available at Indian Skin Store, the dermatologist-run skincare pharmacy by Indian Skin®. Pack size: 0.",in stock,new,395.00 INR,https://www.indianskinstore.com/product/elume-oil-control-cleansin-gel-75ml,https://indianskinco.github.io/iss-catalog-images/p/19308774.jpg,Skin Habit Pvt Ltd,Health & Beauty > Personal Care > Cosmetics > Skin Care > Face Wash,
19308776,Elume Second Skin Clair 50GM,"Elume Second Skin Clair 50GM by Skin Habit Pvt Ltd. Sun Protection product available at Indian Skin Store, the dermatologist-run skincare pharmacy by Indian Skin®. Pack size: 0.",in stock,new,875.00 INR,https://www.indianskinstore.com/product/elume-second-skin-clair-50gm,https://indianskinco.github.io/iss-catalog-images/p/19308776.jpg,Skin Habit Pvt Ltd,Health & Beauty > Personal Care > Cosmetics > Sun Care,
19308957,Elume Second Skin Nude 50GM,"Elume Second Skin Nude 50GM by Skin Habit Pvt Ltd. Sun Protection product available at Indian Skin Store, the dermatologist-run skincare pharmacy by Indian Skin®. Pack size: 0.",in stock,new,875.00 INR,https://www.indianskinstore.com/product/elume-second-skin-nude-50gm,https://indianskinco.github.io/iss-catalog-images/p/19308957.jpg,Skin Habit Pvt Ltd,Health & Beauty > Personal Care > Cosmetics > Sun Care,
18861299,Emolene Cream 100gm,"Emolene Cream 100gm by Torrent Pharmaceuticals Ltd.. Moisturizers product available at Indian Skin Store, the dermatologist-run skincare pharmacy by Indian Skin®. Pack size: 1*100G.",in stock,new,390.94 INR,https://www.indianskinstore.com/product/emolene-cream-100gm,https://indianskinco.github.io/iss-catalog-images/p/18861299.jpg,Torrent Pharmaceuticals Ltd.,Health & Beauty > Personal Care > Cosmetics > Skin Care > Lotion & Moisturizer,
19308962,Emolux Oc Moist 50GM,"Emolux Oc Moist 50GM by Jaks Pharma Pvt Ltd. Moisturizers product available at Indian Skin Store, the dermatologist-run skincare pharmacy by Indian Skin®. Pack size: 0.",in stock,new,480.00 INR,https://www.indianskinstore.com/product/emolux-oc-moist-50gm,https://indianskinco.github.io/iss-catalog-images/p/19308962.jpg,Jaks Pharma Pvt Ltd,Health & Beauty > Personal Care > Cosmetics > Skin Care > Lotion & Moisturizer,
22911888,Epilight Spf 50,"Epilight Spf 50 by Epi Dermizz. Sun Protection product available at Indian Skin Store, the dermatologist-run skincare pharmacy by Indian Skin®. Pack size: 75 GM.",in stock,new,900.00 INR,https://www.indianskinstore.com/product/epilight-spf-50,https://indianskinco.github.io/iss-catalog-images/p/22911888.jpg,Epi Dermizz,Health & Beauty > Personal Care > Cosmetics > Sun Care,
18861488,Episoft Ac Sunscreen,"Episoft Ac Sunscreen by Glenmark Pharmaceuticals Ltd.. Sun Protection product available at Indian Skin Store, the dermatologist-run skincare pharmacy by Indian Skin®. Pack size: 1*75GM.",in stock,new,899.00 INR,https://www.indianskinstore.com/product/episoft-ac-sunscreen,https://indianskinco.github.io/iss-catalog-images/p/18861488.jpg,Glenmark Pharmaceuticals Ltd.,Health & Beauty > Personal Care > Cosmetics > Sun Care,
19312218,Ethiglo Face Wash 70GM,"Ethiglo Face Wash 70GM by Ubik Solutions Pvt. Ltd. Cleansers product available at Indian Skin Store, the dermatologist-run skincare pharmacy by Indian Skin®. Pack size: 70G.",in stock,new,260.00 INR,https://www.indianskinstore.com/product/ethiglo-face-wash-70gm,https://indianskinco.github.io/iss-catalog-images/p/19312218.jpg,Ubik Solutions Pvt. Ltd,Health & Beauty > Personal Care > Cosmetics > Skin Care > Face Wash,
19308986,Ez CO2 Mask 1,"Ez CO2 Mask 1 by Lazhora. Mask product available at Indian Skin Store, the dermatologist-run skincare pharmacy by Indian Skin®. Pack size: 0.",in stock,new,1100.00 INR,https://www.indianskinstore.com/product/ez-co2-mask-1,https://indianskinco.github.io/iss-catalog-images/p/19308986.jpg,Lazhora,Health & Beauty > Personal Care > Cosmetics > Skin Care > Facial Masks,
28775443,Facemoist Res-q,"Facemoist Res-q by Canixa Life Sciences Pvt Ltd. Anti-Aging product available at Indian Skin Store, the dermatologist-run skincare pharmacy by Indian Skin®. Pack size: 30ML.",in stock,new,1390.00 INR,https://www.indianskinstore.com/product/facemoist-res-q,https://indianskinco.github.io/iss-catalog-images/p/28775443.jpg,Canixa Life Sciences Pvt Ltd,Health & Beauty > Personal Care > Cosmetics > Skin Care > Anti-Aging Skin Care Kits,
19308989,Faciox Uv Sunscream 50GM,"Faciox Uv Sunscream 50GM by Jaks Pharma Pvt Ltd. Sun Protection product available at Indian Skin Store, the dermatologist-run skincare pharmacy by Indian Skin®. Pack size: 50GM.",in stock,new,850.00 INR,https://www.indianskinstore.com/product/faciox-uv-sunscream-50gm,https://indianskinco.github.io/iss-catalog-images/p/19308989.jpg,Jaks Pharma Pvt Ltd,Health & Beauty > Personal Care > Cosmetics > Sun Care,
23931336,Fytocera Skin Moisturizing Cream,"Fytocera Skin Moisturizing Cream by Ubik Solutions Pvt. Ltd. Moisturizers product available at Indian Skin Store, the dermatologist-run skincare pharmacy by Indian Skin®. Pack size: 50GM.",in stock,new,699.00 INR,https://www.indianskinstore.com/product/fytocera-skin-moisturizing-cream,https://indianskinco.github.io/iss-catalog-images/p/23931336.jpg,Ubik Solutions Pvt. Ltd,Health & Beauty > Personal Care > Cosmetics > Skin Care > Lotion & Moisturizer,
19309020,Glogeous F/w Gel 100gm,"Glogeous F/w Gel 100gm by Torrent Pharmaceutical Ltd. Cleansers product available at Indian Skin Store, the dermatologist-run skincare pharmacy by Indian Skin®. Pack size: 0.",in stock,new,1378.20 INR,https://www.indianskinstore.com/product/glogeous-f/w-gel-100gm,https://indianskinco.github.io/iss-catalog-images/p/19309020.jpg,Torrent Pharmaceutical Ltd,Health & Beauty > Personal Care > Cosmetics > Skin Care > Face Wash,
19309021,Glowcharge Ac F/w 100gm,"Glowcharge Ac F/w 100gm by Nexina Healthcare. Cleansers product available at Indian Skin Store, the dermatologist-run skincare pharmacy by Indian Skin®. Pack size: 0.",in stock,new,395.00 INR,https://www.indianskinstore.com/product/glowcharge-ac-f/w-100gm,https://indianskinco.github.io/iss-catalog-images/p/19309021.jpg,Nexina Healthcare,Health & Beauty > Personal Care > Cosmetics > Skin Care > Face Wash,
19309025,Glutafine F/w 70GM,"Glutafine F/w 70GM by Ubik Solutions Pvt. Ltd. Cleansers product available at Indian Skin Store, the dermatologist-run skincare pharmacy by Indian Skin®. Pack size: 70G.",in stock,new,425.00 INR,https://www.indianskinstore.com/product/glutafine-f/w-70gm,https://indianskinco.github.io/iss-catalog-images/p/19309025.jpg,Ubik Solutions Pvt. Ltd,Health & Beauty > Personal Care > Cosmetics > Skin Care > Face Wash,
19309026,Glutafinesaop 75GM,"Glutafinesaop 75GM by Ubik Solutions Pvt. Ltd. Cleansers product available at Indian Skin Store, the dermatologist-run skincare pharmacy by Indian Skin®. Pack size: 0.",in stock,new,177.07 INR,https://www.indianskinstore.com/product/glutafinesaop-75gm,https://indianskinco.github.io/iss-catalog-images/p/19309026.jpg,Ubik Solutions Pvt. Ltd,Health & Beauty > Personal Care > Cosmetics > Skin Care > Face Wash,
25917716,Glutatbar,"Glutatbar by Oatmi Healthcare. Cleansers product available at Indian Skin Store, the dermatologist-run skincare pharmacy by Indian Skin®. Pack size: 75GM.",in stock,new,165.00 INR,https://www.indianskinstore.com/product/glutatbar,https://indianskinco.github.io/iss-catalog-images/p/25917716.jpg,Oatmi Healthcare,Health & Beauty > Personal Care > Cosmetics > Skin Care > Face Wash,
25503311,Hyblock-m Gel,"Hyblock-m Gel by Regaliz Medicare Limited. Moisturizers product available at Indian Skin Store, the dermatologist-run skincare pharmacy by Indian Skin®. Pack size: 50GM3.",in stock,new,399.00 INR,https://www.indianskinstore.com/product/hyblock-m-gel,https://indianskinco.github.io/iss-catalog-images/p/25503311.jpg,Regaliz Medicare Limited,Health & Beauty > Personal Care > Cosmetics > Skin Care > Lotion & Moisturizer,
27013568,Hydra Boost Gel,"Hydra Boost Gel by Revluk. Moisturizers product available at Indian Skin Store, the dermatologist-run skincare pharmacy by Indian Skin®. Pack size: 50ML.",in stock,new,629.00 INR,https://www.indianskinstore.com/product/hydra-boost-gel,https://indianskinco.github.io/iss-catalog-images/p/27013568.jpg,Revluk,Health & Beauty > Personal Care > Cosmetics > Skin Care > Lotion & Moisturizer,
22980852,Hydrasun Sunscreen,"Hydrasun Sunscreen by Ubik Solution Pvt Ltd. Sun Protection product available at Indian Skin Store, the dermatologist-run skincare pharmacy by Indian Skin®. Pack size: 30G.",in stock,new,310.00 INR,https://www.indianskinstore.com/product/hydrasun-sunscreen,https://indianskinco.github.io/iss-catalog-images/p/22980852.jpg,Ubik Solution Pvt Ltd,Health & Beauty > Personal Care > Cosmetics > Sun Care,
18867928,Hydravo Skin Renewing,"Hydravo Skin Renewing by Linux Laboratories. Moisturizers product available at Indian Skin Store, the dermatologist-run skincare pharmacy by Indian Skin®. Pack size: 50GM.",in stock,new,630.00 INR,https://www.indianskinstore.com/product/hydravo-skin-renewing,https://indianskinco.github.io/iss-catalog-images/p/18867928.jpg,Linux Laboratories,Health & Beauty > Personal Care > Cosmetics > Skin Care > Lotion & Moisturizer,
19309636,Hydronic Lip Balm 8GM,"Hydronic Lip Balm 8GM by Regaliz Medicare Limited. Lipcare product available at Indian Skin Store, the dermatologist-run skincare pharmacy by Indian Skin®. Pack size: 0.",in stock,new,369.00 INR,https://www.indianskinstore.com/product/hydronic-lip-balm-8gm,https://indianskinco.github.io/iss-catalog-images/p/19309636.jpg,Regaliz Medicare Limited,Health & Beauty > Personal Care > Cosmetics > Skin Care > Lip Balms & Treatments,
19309637,Hydronic Lip Serum 4.5ml,"Hydronic Lip Serum 4.5ml by Regaliz Medicare Limited. Lipcare product available at Indian Skin Store, the dermatologist-run skincare pharmacy by Indian Skin®. Pack size: 0.",in stock,new,259.00 INR,https://www.indianskinstore.com/product/hydronic-lip-serum-4.5ml,https://indianskinco.github.io/iss-catalog-images/p/19309637.jpg,Regaliz Medicare Limited,Health & Beauty > Personal Care > Cosmetics > Skin Care > Lip Balms & Treatments,
19312324,Hydronic Lot 80ML,"Hydronic Lot 80ML by Regaliz Medicare Limited. Moisturizers product available at Indian Skin Store, the dermatologist-run skincare pharmacy by Indian Skin®. Pack size: 0.",in stock,new,369.00 INR,https://www.indianskinstore.com/product/hydronic-lot-80ml,https://indianskinco.github.io/iss-catalog-images/p/19312324.jpg,Regaliz Medicare Limited,Health & Beauty > Personal Care > Cosmetics > Skin Care > Lotion & Moisturizer,
22368819,Hytec Nu Icy Gel,"Hytec Nu Icy Gel by Linux Laboratories. Anti-Aging product available at Indian Skin Store, the dermatologist-run skincare pharmacy by Indian Skin®. Pack size: 50 GM.",in stock,new,819.00 INR,https://www.indianskinstore.com/product/hytec-nu-icy-gel,https://indianskinco.github.io/iss-catalog-images/p/22368819.jpg,Linux Laboratories,Health & Beauty > Personal Care > Cosmetics > Skin Care > Anti-Aging Skin Care Kits,
25027411,Insta Hydro Lotion,"Insta Hydro Lotion by Not Available. Moisturizers product available at Indian Skin Store, the dermatologist-run skincare pharmacy by Indian Skin®. Pack size: 100ML.",in stock,new,599.00 INR,https://www.indianskinstore.com/product/insta-hydro-lotion,https://indianskinco.github.io/iss-catalog-images/p/25027411.jpg,Not Available,Health & Beauty > Personal Care > Cosmetics > Skin Care > Lotion & Moisturizer,
19858575,Intense 3 Facewash,"Intense 3 Facewash by Skin Factor Pharmaceuticals. Cleansers product available at Indian Skin Store, the dermatologist-run skincare pharmacy by Indian Skin®. Pack size: 70ML.",in stock,new,299.00 INR,https://www.indianskinstore.com/product/intense-3-facewash,https://indianskinco.github.io/iss-catalog-images/p/19858575.jpg,Skin Factor Pharmaceuticals,Health & Beauty > Personal Care > Cosmetics > Skin Care > Face Wash,
20266563,Isolips Serum,"Isolips Serum by Cosmosafe Healthcare Pvt Ltd. Lipcare product available at Indian Skin Store, the dermatologist-run skincare pharmacy by Indian Skin®. Pack size: 4ML.",in stock,new,452.00 INR,https://www.indianskinstore.com/product/isolips-serum,https://indianskinco.github.io/iss-catalog-images/p/20266563.jpg,Cosmosafe Healthcare Pvt Ltd,Health & Beauty > Personal Care > Cosmetics > Skin Care > Lip Balms & Treatments,
28775909,Ivorine Cream Cleanser,"Ivorine Cream Cleanser by Ceuticoz. Cleansers product available at Indian Skin Store, the dermatologist-run skincare pharmacy by Indian Skin®. Pack size: 100 ML.",in stock,new,650.00 INR,https://www.indianskinstore.com/product/ivorine-cream-cleanser,https://indianskinco.github.io/iss-catalog-images/p/28775909.jpg,Ceuticoz,Health & Beauty > Personal Care > Cosmetics > Skin Care > Face Wash,
28775911,Ivorine Daily Moisturiser,"Ivorine Daily Moisturiser by Ceuticoz. Moisturizers product available at Indian Skin Store, the dermatologist-run skincare pharmacy by Indian Skin®. Pack size: 100 GM.",in stock,new,990.00 INR,https://www.indianskinstore.com/product/ivorine-daily-moisturiser,https://indianskinco.github.io/iss-catalog-images/p/28775911.jpg,Ceuticoz,Health & Beauty > Personal Care > Cosmetics > Skin Care > Lotion & Moisturizer,
28781888,Ivorine Synergy Toner,"Ivorine Synergy Toner by Ceuticoz. Moisturizers product available at Indian Skin Store, the dermatologist-run skincare pharmacy by Indian Skin®. Pack size: 100 ML.",in stock,new,595.00 INR,https://www.indianskinstore.com/product/ivorine-synergy-toner,https://indianskinco.github.io/iss-catalog-images/p/28781888.jpg,Ceuticoz,Health & Beauty > Personal Care > Cosmetics > Skin Care > Lotion & Moisturizer,
18869471,Klmklin Face Wash 100ml,"Klmklin Face Wash 100ml by Klm Lab. Cleansers product available at Indian Skin Store, the dermatologist-run skincare pharmacy by Indian Skin®. Pack size: 1*100.",in stock,new,345.00 INR,https://www.indianskinstore.com/product/klmklin--face-wash-100ml,https://indianskinco.github.io/iss-catalog-images/p/18869471.jpg,Klm Lab,Health & Beauty > Personal Care > Cosmetics > Skin Care > Face Wash,
18855831,Lipidz Cream,"Lipidz Cream by Ethicare Remedies. Moisturizers product available at Indian Skin Store, the dermatologist-run skincare pharmacy by Indian Skin®. Pack size: 1*50GM.",in stock,new,260.00 INR,https://www.indianskinstore.com/product/lipidz-cream,https://indianskinco.github.io/iss-catalog-images/p/18855831.jpg,Ethicare Remedies,Health & Beauty > Personal Care > Cosmetics > Skin Care > Lotion & Moisturizer,
28621150,Lipso,"Lipso by Forman Medics Pvt Ltd. Lipcare product available at Indian Skin Store, the dermatologist-run skincare pharmacy by Indian Skin®. Pack size: 15GM.",in stock,new,150.00 INR,https://www.indianskinstore.com/product/lipso,https://indianskinco.github.io/iss-catalog-images/p/28621150.jpg,Forman Medics Pvt Ltd,Health & Beauty > Personal Care > Cosmetics > Skin Care > Lip Balms & Treatments,
19309704,Lipz 9GM,"Lipz 9GM by Ubik Solutions Pvt. Ltd. Lipcare product available at Indian Skin Store, the dermatologist-run skincare pharmacy by Indian Skin®. Pack size: 0.",in stock,new,110.00 INR,https://www.indianskinstore.com/product/lipz-9gm,https://indianskinco.github.io/iss-catalog-images/p/19309704.jpg,Ubik Solutions Pvt. Ltd,Health & Beauty > Personal Care > Cosmetics > Skin Care > Lip Balms & Treatments,
19309705,Lipzlite Cream 15GM,"Lipzlite Cream 15GM by Ubik Solutions Pvt. Ltd. Lipcare product available at Indian Skin Store, the dermatologist-run skincare pharmacy by Indian Skin®. Pack size: 0.",in stock,new,269.00 INR,https://www.indianskinstore.com/product/lipzlite-cream-15gm,https://indianskinco.github.io/iss-catalog-images/p/19309705.jpg,Ubik Solutions Pvt. Ltd,Health & Beauty > Personal Care > Cosmetics > Skin Care > Lip Balms & Treatments,
26054679,Liscia Moist,"Liscia Moist by Atopic Laboratories Pvt.Ltd.,. Moisturizers product available at Indian Skin Store, the dermatologist-run skincare pharmacy by Indian Skin®. Pack size: 50GM.",in stock,new,499.00 INR,https://www.indianskinstore.com/product/liscia-moist,https://indianskinco.github.io/iss-catalog-images/p/26054679.jpg,"Atopic Laboratories Pvt.Ltd.,",Health & Beauty > Personal Care > Cosmetics > Skin Care > Lotion & Moisturizer,
19310087,Lytec Klense 100ml,"Lytec Klense 100ml by Aakar Medical Technologies Pvt Ltd. Cleansers product available at Indian Skin Store, the dermatologist-run skincare pharmacy by Indian Skin®. Pack size: 100ML.",in stock,new,690.00 INR,https://www.indianskinstore.com/product/lytec-klense-100ml,https://indianskinco.github.io/iss-catalog-images/p/19310087.jpg,Aakar Medical Technologies Pvt Ltd,Health & Beauty > Personal Care > Cosmetics > Skin Care > Face Wash,
19310089,Maskealing Rx Hyaluronic 90GM,"Maskealing Rx Hyaluronic 90GM by Ranq Llp.. Mask product available at Indian Skin Store, the dermatologist-run skincare pharmacy by Indian Skin®. Pack size: 0.",in stock,new,450.00 INR,https://www.indianskinstore.com/product/maskealing-rx-hyaluronic-90gm,https://indianskinco.github.io/iss-catalog-images/p/19310089.jpg,Ranq Llp.,Health & Beauty > Personal Care > Cosmetics > Skin Care > Facial Masks,
19310090,Maskealing Rx Rich Gold 90GM,"Maskealing Rx Rich Gold 90GM by Ranq Llp.. Mask product available at Indian Skin Store, the dermatologist-run skincare pharmacy by Indian Skin®. Pack size: 0.",in stock,new,500.00 INR,https://www.indianskinstore.com/product/maskealing-rx-rich-gold-90gm,https://indianskinco.github.io/iss-catalog-images/p/19310090.jpg,Ranq Llp.,Health & Beauty > Personal Care > Cosmetics > Skin Care > Facial Masks,
28790682,Maskosun Aura,"Maskosun Aura by Encore Healthcare Pvt Ltd. Sun Protection product available at Indian Skin Store, the dermatologist-run skincare pharmacy by Indian Skin®. Pack size: 50 ML.",in stock,new,425.00 INR,https://www.indianskinstore.com/product/maskosun-aura,https://indianskinco.github.io/iss-catalog-images/p/28790682.jpg,Encore Healthcare Pvt Ltd,Health & Beauty > Personal Care > Cosmetics > Sun Care,
28830706,Melarid Pigment Sunscreen,"Melarid Pigment Sunscreen by Yuderma. Sun Protection product available at Indian Skin Store, the dermatologist-run skincare pharmacy by Indian Skin®. Pack size: 50 ML.",in stock,new,990.00 INR,https://www.indianskinstore.com/product/melarid-pigment-sunscreen,https://indianskinco.github.io/iss-catalog-images/p/28830706.jpg,Yuderma,Health & Beauty > Personal Care > Cosmetics > Sun Care,
19310120,Moduseb Moist 50G,"Moduseb Moist 50G by Ceuticoz. Moisturizers product available at Indian Skin Store, the dermatologist-run skincare pharmacy by Indian Skin®. Pack size: 0.",in stock,new,590.00 INR,https://www.indianskinstore.com/product/moduseb-moist-50g,https://indianskinco.github.io/iss-catalog-images/p/19310120.jpg,Ceuticoz,Health & Beauty > Personal Care > Cosmetics > Skin Care > Lotion & Moisturizer,
19310123,Moisawave Moisturizing Cream 100gm,"Moisawave Moisturizing Cream 100gm by Mankind Pharma Pvt Ltd. Moisturizers product available at Indian Skin Store, the dermatologist-run skincare pharmacy by Indian Skin®. Pack size: 100G.",in stock,new,460.00 INR,https://www.indianskinstore.com/product/moisawave-moisturizing-cream-100gm,https://indianskinco.github.io/iss-catalog-images/p/19310123.jpg,Mankind Pharma Pvt Ltd,Health & Beauty > Personal Care > Cosmetics > Skin Care > Lotion & Moisturizer,
19310124,Moiser Fm Gel 50ML,"Moiser Fm Gel 50ML by Kepler Healthcare Pvt Ltd. Moisturizers product available at Indian Skin Store, the dermatologist-run skincare pharmacy by Indian Skin®. Pack size: 50ML.",in stock,new,750.00 INR,https://www.indianskinstore.com/product/moiser-fm-gel-50ml,https://indianskinco.github.io/iss-catalog-images/p/19310124.jpg,Kepler Healthcare Pvt Ltd,Health & Beauty > Personal Care > Cosmetics > Skin Care > Lotion & Moisturizer,
19310126,Moiz Cleansing Lotion 200ml,"Moiz Cleansing Lotion 200ml by Glowderma Labs Pvt Ltd. Cleansers product available at Indian Skin Store, the dermatologist-run skincare pharmacy by Indian Skin®. Pack size: 0.",in stock,new,460.00 INR,https://www.indianskinstore.com/product/moiz-cleansing-lotion-200ml,https://indianskinco.github.io/iss-catalog-images/p/19310126.jpg,Glowderma Labs Pvt Ltd,Health & Beauty > Personal Care > Cosmetics > Skin Care > Face Wash,
18861678,Moiz Lmf 48 Lotion,"Moiz Lmf 48 Lotion by Glowderma Labs Pvt Ltd. Moisturizers product available at Indian Skin Store, the dermatologist-run skincare pharmacy by Indian Skin®. Pack size: 1*75ML.",in stock,new,375.00 INR,https://www.indianskinstore.com/product/moiz-lmf-48-lotion,https://indianskinco.github.io/iss-catalog-images/p/18861678.jpg,Glowderma Labs Pvt Ltd,Health & Beauty > Personal Care > Cosmetics > Skin Care > Lotion & Moisturizer,
18845305,Nivea Cream 25GM,"Nivea Cream 25GM by Nivea India Pvt Ltd. Moisturizers product available at Indian Skin Store, the dermatologist-run skincare pharmacy by Indian Skin®. Pack size: 25GM.",in stock,new,150.00 INR,https://www.indianskinstore.com/product/nivea-cream-25gm,https://indianskinco.github.io/iss-catalog-images/p/18845305.jpg,Nivea India Pvt Ltd,Health & Beauty > Personal Care > Cosmetics > Skin Care > Lotion & Moisturizer,
19310144,Nubase Aqua Soft Cream 50GM,"Nubase Aqua Soft Cream 50GM by Entod Pharmaceuticals Ltd. Sun Protection product available at Indian Skin Store, the dermatologist-run skincare pharmacy by Indian Skin®. Pack size: 0.",in stock,new,900.00 INR,https://www.indianskinstore.com/product/nubase-aqua-soft-cream-50gm,https://indianskinco.github.io/iss-catalog-images/p/19310144.jpg,Entod Pharmaceuticals Ltd,Health & Beauty > Personal Care > Cosmetics > Sun Care,
29473753,O Wash Facewash,"O Wash Facewash. Cleansers product available at Indian Skin Store, the dermatologist-run skincare pharmacy by Indian Skin®. Pack size: 150ML.",in stock,new,625.00 INR,https://www.indianskinstore.com/product/o-wash-facewash,https://indianskinco.github.io/iss-catalog-images/p/29473753.jpg,Indian Skin Store,Health & Beauty > Personal Care > Cosmetics > Skin Care > Face Wash,
28854103,Omniacne Facewash,"Omniacne Facewash by Omniceutics. Cleansers product available at Indian Skin Store, the dermatologist-run skincare pharmacy by Indian Skin®. Pack size: 0.",in stock,new,595.00 INR,https://www.indianskinstore.com/product/omniacne-facewash,https://indianskinco.github.io/iss-catalog-images/p/28854103.jpg,Omniceutics,Health & Beauty > Personal Care > Cosmetics > Skin Care > Face Wash,
18860771,Oryza Cream,"Oryza Cream by Alembic Pharmaceuticals Ltd. Moisturizers product available at Indian Skin Store, the dermatologist-run skincare pharmacy by Indian Skin®. Pack size: 1*50G.",in stock,new,895.00 INR,https://www.indianskinstore.com/product/oryza-cream,https://indianskinco.github.io/iss-catalog-images/p/18860771.jpg,Alembic Pharmaceuticals Ltd,Health & Beauty > Personal Care > Cosmetics > Skin Care > Lotion & Moisturizer,
29246653,Peony Beauty Face Serum,"Peony Beauty Face Serum by Eraise Glad Healthcare. Anti-Aging product available at Indian Skin Store, the dermatologist-run skincare pharmacy by Indian Skin®. Pack size: 30ML.",in stock,new,1239.00 INR,https://www.indianskinstore.com/product/peony-beauty-face-serum,https://indianskinco.github.io/iss-catalog-images/p/29246653.jpg,Eraise Glad Healthcare,Health & Beauty > Personal Care > Cosmetics > Skin Care > Anti-Aging Skin Care Kits,
19310683,Ray Protect Tint 30ML,"Ray Protect Tint 30ML by Dermatica Laboratories Pvt Ltd. Sun Protection product available at Indian Skin Store, the dermatologist-run skincare pharmacy by Indian Skin®. Pack size: 36ML.",in stock,new,1080.00 INR,https://www.indianskinstore.com/product/ray-protect-tint-30ml,https://indianskinco.github.io/iss-catalog-images/p/19310683.jpg,Dermatica Laboratories Pvt Ltd,Health & Beauty > Personal Care > Cosmetics > Sun Care,
28848557,Renewderm Ha,"Renewderm Ha by Palsons Drugs Private Limited.. Moisturizers product available at Indian Skin Store, the dermatologist-run skincare pharmacy by Indian Skin®. Pack size: 40GM.",in stock,new,649.00 INR,https://www.indianskinstore.com/product/renewderm-ha,https://indianskinco.github.io/iss-catalog-images/p/28848557.jpg,Palsons Drugs Private Limited.,Health & Beauty > Personal Care > Cosmetics > Skin Care > Lotion & Moisturizer,
24888957,Ridacne-sa,"Ridacne-sa by Palsons Drugs Private Limited.. Moisturizers product available at Indian Skin Store, the dermatologist-run skincare pharmacy by Indian Skin®. Pack size: 40GM.",in stock,new,599.00 INR,https://www.indianskinstore.com/product/ridacne-sa,https://indianskinco.github.io/iss-catalog-images/p/24888957.jpg,Palsons Drugs Private Limited.,Health & Beauty > Personal Care > Cosmetics > Skin Care > Lotion & Moisturizer,
28785511,Ridacne-sa Face Wash,"Ridacne-sa Face Wash by Palsons Drugs Private Limited.. Cleansers product available at Indian Skin Store, the dermatologist-run skincare pharmacy by Indian Skin®. Pack size: 100ML.",in stock,new,549.00 INR,https://www.indianskinstore.com/product/ridacne-sa-face-wash,https://indianskinco.github.io/iss-catalog-images/p/28785511.jpg,Palsons Drugs Private Limited.,Health & Beauty > Personal Care > Cosmetics > Skin Care > Face Wash,
19310702,Rivela Lite S/c 60G,"Rivela Lite S/c 60G by Cipla Health Limited. Sun Protection product available at Indian Skin Store, the dermatologist-run skincare pharmacy by Indian Skin®. Pack size: 0.",in stock,new,1290.50 INR,https://www.indianskinstore.com/product/rivela-lite-s/c-60g,https://indianskinco.github.io/iss-catalog-images/p/19310702.jpg,Cipla Health Limited,Health & Beauty > Personal Care > Cosmetics > Sun Care,
29011416,Roof-25 Spf 60ML,"Roof-25 Spf 60ML by Nidus Pharma Pvt Ltd.. Sun Protection product available at Indian Skin Store, the dermatologist-run skincare pharmacy by Indian Skin®. Pack size: 0.",in stock,new,240.00 INR,https://www.indianskinstore.com/product/roof-25-spf-60ml,https://indianskinco.github.io/iss-catalog-images/p/29011416.jpg,Nidus Pharma Pvt Ltd.,Health & Beauty > Personal Care > Cosmetics > Sun Care,
19310704,Roof-50 S/c Lotion 100ml,"Roof-50 S/c Lotion 100ml by Nidus Pharma Pvt Ltd.. Sun Protection product available at Indian Skin Store, the dermatologist-run skincare pharmacy by Indian Skin®. Pack size: 0.",in stock,new,365.00 INR,https://www.indianskinstore.com/product/roof-50-s/c-lotion-100ml,https://indianskinco.github.io/iss-catalog-images/p/19310704.jpg,Nidus Pharma Pvt Ltd.,Health & Beauty > Personal Care > Cosmetics > Sun Care,
18864921,Sebium Gel Moussant,"Sebium Gel Moussant by Bioderma. Cleansers product available at Indian Skin Store, the dermatologist-run skincare pharmacy by Indian Skin®. Pack size: 1*200ML.",in stock,new,549.00 INR,https://www.indianskinstore.com/product/sebium-gel-moussant,https://indianskinco.github.io/iss-catalog-images/p/18864921.jpg,Bioderma,Health & Beauty > Personal Care > Cosmetics > Skin Care > Face Wash,
20198890,Sebo Bloc Face Wash,"Sebo Bloc Face Wash by Bihans. Cleansers product available at Indian Skin Store, the dermatologist-run skincare pharmacy by Indian Skin®. Pack size: 50GM.",in stock,new,242.00 INR,https://www.indianskinstore.com/product/sebo-bloc-face-wash,https://indianskinco.github.io/iss-catalog-images/p/20198890.jpg,Bihans,Health & Beauty > Personal Care > Cosmetics > Skin Care > Face Wash,
19310716,Sebonac Facewash 75G,"Sebonac Facewash 75G by Tricos Dermatology Pvt Ltd. Cleansers product available at Indian Skin Store, the dermatologist-run skincare pharmacy by Indian Skin®. Pack size: 0.",in stock,new,340.00 INR,https://www.indianskinstore.com/product/sebonac-facewash-75g,https://indianskinco.github.io/iss-catalog-images/p/19310716.jpg,Tricos Dermatology Pvt Ltd,Health & Beauty > Personal Care > Cosmetics > Skin Care > Face Wash,
19310718,Seekcaus Hyrda S/c 50GM,"Seekcaus Hyrda S/c 50GM by Dermis Oracle. Sun Protection product available at Indian Skin Store, the dermatologist-run skincare pharmacy by Indian Skin®. Pack size: 0.",in stock,new,949.00 INR,https://www.indianskinstore.com/product/seekcaus-hyrda-s/c-50gm,https://indianskinco.github.io/iss-catalog-images/p/19310718.jpg,Dermis Oracle,Health & Beauty > Personal Care > Cosmetics > Sun Care,
20266552,Selfyskin Lip Balm Hac,"Selfyskin Lip Balm Hac by Cosmosafe Healthcare Pvt . Lipcare product available at Indian Skin Store, the dermatologist-run skincare pharmacy by Indian Skin®. Pack size: 4GM.",in stock,new,380.00 INR,https://www.indianskinstore.com/product/selfyskin-lip-balm-hac,https://indianskinco.github.io/iss-catalog-images/p/20266552.jpg,Cosmosafe Healthcare Pvt ,Health & Beauty > Personal Care > Cosmetics > Skin Care > Lip Balms & Treatments,
19310723,Sensylia 24H Legree 40ML,"Sensylia 24H Legree 40ML by Bioderma. Moisturizers product available at Indian Skin Store, the dermatologist-run skincare pharmacy by Indian Skin®. Pack size: 0.",in stock,new,1350.00 INR,https://www.indianskinstore.com/product/sensylia-24h-legree-40ml,https://indianskinco.github.io/iss-catalog-images/p/19310723.jpg,Bioderma,Health & Beauty > Personal Care > Cosmetics > Skin Care > Lotion & Moisturizer,
28936180,Sesderma Azelac Ru Serum 30ML,"Sesderma Azelac Ru Serum 30ML by Sesderma India Pvt Ltd. Anti-Aging product available at Indian Skin Store, the dermatologist-run skincare pharmacy by Indian Skin®. Pack size: 30ML.",in stock,new,2650.00 INR,https://www.indianskinstore.com/product/sesderma-azelac-ru-serum-30ml,https://indianskinco.github.io/iss-catalog-images/p/28936180.jpg,Sesderma India Pvt Ltd,Health & Beauty > Personal Care > Cosmetics > Skin Care > Anti-Aging Skin Care Kits,
28936183,Sesderma Retiage Cream 50ML,"Sesderma Retiage Cream 50ML by Sesderma India Pvt Ltd. Anti-Aging product available at Indian Skin Store, the dermatologist-run skincare pharmacy by Indian Skin®. Pack size: 0.",in stock,new,3600.00 INR,https://www.indianskinstore.com/product/sesderma-retiage-cream-50ml,https://indianskinco.github.io/iss-catalog-images/p/28936183.jpg,Sesderma India Pvt Ltd,Health & Beauty > Personal Care > Cosmetics > Skin Care > Anti-Aging Skin Care Kits,
19311286,Skinlumet Spf 50 60GM,"Skinlumet Spf 50 60GM by Skin Science Laboratories Pvt Ltd. Sun Protection product available at Indian Skin Store, the dermatologist-run skincare pharmacy by Indian Skin®. Pack size: 0.",in stock,new,495.00 INR,https://www.indianskinstore.com/product/skinlumet-spf-50-60gm,https://indianskinco.github.io/iss-catalog-images/p/19311286.jpg,Skin Science Laboratories Pvt Ltd,Health & Beauty > Personal Care > Cosmetics > Sun Care,
19311295,Solasafe Sportz Sunscreen 50GM,"Solasafe Sportz Sunscreen 50GM by Regaliz Medicare Limited. Sun Protection product available at Indian Skin Store, the dermatologist-run skincare pharmacy by Indian Skin®. Pack size: 50GM.",in stock,new,789.00 INR,https://www.indianskinstore.com/product/solasafe-sportz-sunscreen-50gm,https://indianskinco.github.io/iss-catalog-images/p/19311295.jpg,Regaliz Medicare Limited,Health & Beauty > Personal Care > Cosmetics > Sun Care,
19515892,Solasafe Suncreen Gel,"Solasafe Suncreen Gel by Regaliz Medicare Limited. Sun Protection product available at Indian Skin Store, the dermatologist-run skincare pharmacy by Indian Skin®. Pack size: 1*50G.",in stock,new,769.00 INR,https://www.indianskinstore.com/product/solasafe-suncreen-gel,https://indianskinco.github.io/iss-catalog-images/p/19515892.jpg,Regaliz Medicare Limited,Health & Beauty > Personal Care > Cosmetics > Sun Care,
29045875,Splash Mineral Solarize 50spf,"Splash Mineral Solarize 50spf by Lazhora. Sun Protection product available at Indian Skin Store, the dermatologist-run skincare pharmacy by Indian Skin®. Pack size: 50G.",in stock,new,750.00 INR,https://www.indianskinstore.com/product/splash-mineral-solarize-50spf,https://indianskinco.github.io/iss-catalog-images/p/29045875.jpg,Lazhora,Health & Beauty > Personal Care > Cosmetics > Sun Care,
29045873,Splash-uv Tint Solarize 50spf,"Splash-uv Tint Solarize 50spf by Lazhora. Sun Protection product available at Indian Skin Store, the dermatologist-run skincare pharmacy by Indian Skin®. Pack size: 50G.",in stock,new,745.00 INR,https://www.indianskinstore.com/product/splash-uv-tint-solarize-50spf,https://indianskinco.github.io/iss-catalog-images/p/29045873.jpg,Lazhora,Health & Beauty > Personal Care > Cosmetics > Sun Care,
18877982,Suncote Gel 100gm,"Suncote Gel 100gm by Torrent Pharmaceuticals Ltd.. Sun Protection product available at Indian Skin Store, the dermatologist-run skincare pharmacy by Indian Skin®. Pack size: 1*100GM.",in stock,new,658.00 INR,https://www.indianskinstore.com/product/suncote-gel-100gm,https://indianskinco.github.io/iss-catalog-images/p/18877982.jpg,Torrent Pharmaceuticals Ltd.,Health & Beauty > Personal Care > Cosmetics > Sun Care,
25571819,Suncros Neo Spf75+gel,"Suncros Neo Spf75+gel by Sun Pharmaceutical Industries Ltd. Sun Protection product available at Indian Skin Store, the dermatologist-run skincare pharmacy by Indian Skin®. Pack size: 50GM.",in stock,new,925.00 INR,https://www.indianskinstore.com/product/suncros-neo-spf75+gel,https://indianskinco.github.io/iss-catalog-images/p/25571819.jpg,Sun Pharmaceutical Industries Ltd,Health & Beauty > Personal Care > Cosmetics > Sun Care,
25916894,Sunmate Max Spf100+,"Sunmate Max Spf100+ by Palsons Drugs & Chemical Industries. Sun Protection product available at Indian Skin Store, the dermatologist-run skincare pharmacy by Indian Skin®. Pack size: 50GM.",in stock,new,999.00 INR,https://www.indianskinstore.com/product/sunmate-max-spf100+,https://indianskinco.github.io/iss-catalog-images/p/25916894.jpg,Palsons Drugs & Chemical Industries,Health & Beauty > Personal Care > Cosmetics > Sun Care,
20606162,Sunstop 19 Sunscreen,"Sunstop 19 Sunscreen by Ajanta Pharma Ltd. Sun Protection product available at Indian Skin Store, the dermatologist-run skincare pharmacy by Indian Skin®. Pack size: 60GM.",in stock,new,361.00 INR,https://www.indianskinstore.com/product/sunstop-19-sunscreen,https://indianskinco.github.io/iss-catalog-images/p/20606162.jpg,Ajanta Pharma Ltd,Health & Beauty > Personal Care > Cosmetics > Sun Care,
29242574,Sunstop Silk Cream,"Sunstop Silk Cream by Ajanta Pharma Ltd. Sun Protection product available at Indian Skin Store, the dermatologist-run skincare pharmacy by Indian Skin®. Pack size: 50gm.",in stock,new,783.00 INR,https://www.indianskinstore.com/product/sunstop-silk-cream,https://indianskinco.github.io/iss-catalog-images/p/29242574.jpg,Ajanta Pharma Ltd,Health & Beauty > Personal Care > Cosmetics > Sun Care,
19311307,Suntris Spf-50 50GM,"Suntris Spf-50 50GM by Mylan Pharma. Sun Protection product available at Indian Skin Store, the dermatologist-run skincare pharmacy by Indian Skin®. Pack size: 50GM.",in stock,new,709.00 INR,https://www.indianskinstore.com/product/suntris-spf-50-50gm,https://indianskinco.github.io/iss-catalog-images/p/19311307.jpg,Mylan Pharma,Health & Beauty > Personal Care > Cosmetics > Sun Care,
29180200,Truderma Exocica Se,"Truderma Exocica Se by Regaliz Medicare Limited. Anti-Aging product available at Indian Skin Store, the dermatologist-run skincare pharmacy by Indian Skin®. Pack size: 30ML.",in stock,new,2499.00 INR,https://www.indianskinstore.com/product/truderma-exocica-se,https://indianskinco.github.io/iss-catalog-images/p/29180200.jpg,Regaliz Medicare Limited,Health & Beauty > Personal Care > Cosmetics > Skin Care > Anti-Aging Skin Care Kits,
19311346,Truderma Regen Night 30ML,"Truderma Regen Night 30ML by Regaliz Medicare Limited. Anti-Aging product available at Indian Skin Store, the dermatologist-run skincare pharmacy by Indian Skin®. Pack size: 0.",in stock,new,1249.00 INR,https://www.indianskinstore.com/product/truderma-regen-night-30ml,https://indianskinco.github.io/iss-catalog-images/p/19311346.jpg,Regaliz Medicare Limited,Health & Beauty > Personal Care > Cosmetics > Skin Care > Anti-Aging Skin Care Kits,
19311347,Truderma Sunscreen 50GM,"Truderma Sunscreen 50GM by Regaliz Medicare Limited. Sun Protection product available at Indian Skin Store, the dermatologist-run skincare pharmacy by Indian Skin®. Pack size: 0.",in stock,new,1039.00 INR,https://www.indianskinstore.com/product/truderma-sunscreen-50gm,https://indianskinco.github.io/iss-catalog-images/p/19311347.jpg,Regaliz Medicare Limited,Health & Beauty > Personal Care > Cosmetics > Sun Care,
19311351,Twarz Guard Powder 40GM,"Twarz Guard Powder 40GM by Derma Pharma. Sun Protection product available at Indian Skin Store, the dermatologist-run skincare pharmacy by Indian Skin®. Pack size: 0.",in stock,new,900.00 INR,https://www.indianskinstore.com/product/twarz-guard-powder-40gm,https://indianskinco.github.io/iss-catalog-images/p/19311351.jpg,Derma Pharma,Health & Beauty > Personal Care > Cosmetics > Sun Care,
20674200,Ultracel Lite Sunscreen,"Ultracel Lite Sunscreen by Medicrux Healthcare . Sun Protection product available at Indian Skin Store, the dermatologist-run skincare pharmacy by Indian Skin®. Pack size: 50GM.",in stock,new,920.00 INR,https://www.indianskinstore.com/product/ultracel-lite-sunscreen,https://indianskinco.github.io/iss-catalog-images/p/20674200.jpg,Medicrux Healthcare ,Health & Beauty > Personal Care > Cosmetics > Sun Care,
28908746,Uv Doux Lip Balm,"Uv Doux Lip Balm by Brinton Pharmaceuticals Pvt Ltd. Lipcare product available at Indian Skin Store, the dermatologist-run skincare pharmacy by Indian Skin®. Pack size: 0.",in stock,new,425.00 INR,https://www.indianskinstore.com/product/uv-doux-lip-balm,https://indianskinco.github.io/iss-catalog-images/p/28908746.jpg,Brinton Pharmaceuticals Pvt Ltd,Health & Beauty > Personal Care > Cosmetics > Skin Care > Lip Balms & Treatments,
18870287,Uv Doux Spf 50,"Uv Doux Spf 50 by Brinton Pharmaceuticals Pvt Ltd. Sun Protection product available at Indian Skin Store, the dermatologist-run skincare pharmacy by Indian Skin®. Pack size: 1*1.",in stock,new,658.00 INR,https://www.indianskinstore.com/product/uv-doux-spf-50,https://indianskinco.github.io/iss-catalog-images/p/18870287.jpg,Brinton Pharmaceuticals Pvt Ltd,Health & Beauty > Personal Care > Cosmetics > Sun Care,
18898676,Uv Doux Sunscreen Gel 50GM,"Uv Doux Sunscreen Gel 50GM by Brinton Pharmaceuticals Pvt Ltd. Sun Protection product available at Indian Skin Store, the dermatologist-run skincare pharmacy by Indian Skin®. Pack size: 50GM.",in stock,new,845.00 INR,https://www.indianskinstore.com/product/uv-doux-sunscreen-gel-50gm,https://indianskinco.github.io/iss-catalog-images/p/18898676.jpg,Brinton Pharmaceuticals Pvt Ltd,Health & Beauty > Personal Care > Cosmetics > Sun Care,
28744734,Uv Smart Matt Sunscreen Gel 50GM,"Uv Smart Matt Sunscreen Gel 50GM by Mankind Pharma Pvt Ltd. Sun Protection product available at Indian Skin Store, the dermatologist-run skincare pharmacy by Indian Skin®. Pack size: 50GM.",in stock,new,945.00 INR,https://www.indianskinstore.com/product/uv-smart-matt-sunscreen-gel-50gm,https://indianskinco.github.io/iss-catalog-images/p/28744734.jpg,Mankind Pharma Pvt Ltd,Health & Beauty > Personal Care > Cosmetics > Sun Care,
19311360,Uv-doux S/c 60GM,"Uv-doux S/c 60GM by Brinton Pharmaceuticals Pvt Ltd. Sun Protection product available at Indian Skin Store, the dermatologist-run skincare pharmacy by Indian Skin®. Pack size: 0.",in stock,new,745.00 INR,https://www.indianskinstore.com/product/uv-doux-s/c-60gm,https://indianskinco.github.io/iss-catalog-images/p/19311360.jpg,Brinton Pharmaceuticals Pvt Ltd,Health & Beauty > Personal Care > Cosmetics > Sun Care,
19858573,Uv-factor Sunscreen Gel,"Uv-factor Sunscreen Gel by Skin Factor Pharmaceuticals. Sun Protection product available at Indian Skin Store, the dermatologist-run skincare pharmacy by Indian Skin®. Pack size: 50GM.",in stock,new,739.00 INR,https://www.indianskinstore.com/product/uv-factor-sunscreen-gel,https://indianskinco.github.io/iss-catalog-images/p/19858573.jpg,Skin Factor Pharmaceuticals,Health & Beauty > Personal Care > Cosmetics > Sun Care,
27421410,Uvcover Z+ Mineral,"Uvcover Z+ Mineral by Curious Biotech. Sun Protection product available at Indian Skin Store, the dermatologist-run skincare pharmacy by Indian Skin®. Pack size: 50GM.",in stock,new,650.00 INR,https://www.indianskinstore.com/product/uvcover-z+-mineral,https://indianskinco.github.io/iss-catalog-images/p/27421410.jpg,Curious Biotech,Health & Beauty > Personal Care > Cosmetics > Sun Care,
19311366,Uvicoz 50spf Lot 50ML,"Uvicoz 50spf Lot 50ML by Amcor Pharma. Sun Protection product available at Indian Skin Store, the dermatologist-run skincare pharmacy by Indian Skin®. Pack size: 0.",in stock,new,750.00 INR,https://www.indianskinstore.com/product/uvicoz-50spf-lot-50ml,https://indianskinco.github.io/iss-catalog-images/p/19311366.jpg,Amcor Pharma,Health & Beauty > Personal Care > Cosmetics > Sun Care,
29265422,Uvicoz Aqua 50 Spf,"Uvicoz Aqua 50 Spf by Amcor Pharma. Sun Protection product available at Indian Skin Store, the dermatologist-run skincare pharmacy by Indian Skin®. Pack size: 0.",in stock,new,650.00 INR,https://www.indianskinstore.com/product/uvicoz-aqua-50-spf,https://indianskinco.github.io/iss-catalog-images/p/29265422.jpg,Amcor Pharma,Health & Beauty > Personal Care > Cosmetics > Sun Care,
20198889,Uvicoz Ir Sunscreengel 50GM,"Uvicoz Ir Sunscreengel 50GM by Amcor Pharma. Sun Protection product available at Indian Skin Store, the dermatologist-run skincare pharmacy by Indian Skin®. Pack size: 50GM.",in stock,new,850.00 INR,https://www.indianskinstore.com/product/uvicoz-ir-sunscreengel-50gm,https://indianskinco.github.io/iss-catalog-images/p/20198889.jpg,Amcor Pharma,Health & Beauty > Personal Care > Cosmetics > Sun Care,
19311369,Uvlan Spf50 50GM,"Uvlan Spf50 50GM by Skin Sciences. Sun Protection product available at Indian Skin Store, the dermatologist-run skincare pharmacy by Indian Skin®. Pack size: 50GM.",in stock,new,790.00 INR,https://www.indianskinstore.com/product/uvlan-spf50-50gm,https://indianskinco.github.io/iss-catalog-images/p/19311369.jpg,Skin Sciences,Health & Beauty > Personal Care > Cosmetics > Sun Care,
28625825,Uvlan Spray 50 Spf,"Uvlan Spray 50 Spf by Skin Sciences. Sun Protection product available at Indian Skin Store, the dermatologist-run skincare pharmacy by Indian Skin®. Pack size: 100ML.",in stock,new,849.00 INR,https://www.indianskinstore.com/product/uvlan-spray-50-spf,https://indianskinco.github.io/iss-catalog-images/p/28625825.jpg,Skin Sciences,Health & Beauty > Personal Care > Cosmetics > Sun Care,
28619167,Uvlox Spf50,"Uvlox Spf50 by Percos India Pvt. Ltd. Sun Protection product available at Indian Skin Store, the dermatologist-run skincare pharmacy by Indian Skin®. Pack size: 50GM.",in stock,new,850.00 INR,https://www.indianskinstore.com/product/uvlox-spf50,https://indianskinco.github.io/iss-catalog-images/p/28619167.jpg,Percos India Pvt. Ltd,Health & Beauty > Personal Care > Cosmetics > Sun Care,
27421320,Uvscape Lip Screen,"Uvscape Lip Screen by Iberia. Lipcare product available at Indian Skin Store, the dermatologist-run skincare pharmacy by Indian Skin®. Pack size: 4.9GM.",in stock,new,600.00 INR,https://www.indianskinstore.com/product/uvscape-lip-screen,https://indianskinco.github.io/iss-catalog-images/p/27421320.jpg,Iberia,Health & Beauty > Personal Care > Cosmetics > Skin Care > Lip Balms & Treatments,
25366809,Vasuki Facial Gel Serum,"Vasuki Facial Gel Serum by Entod Pharmaceuticals Ltd.,. Anti-Aging product available at Indian Skin Store, the dermatologist-run skincare pharmacy by Indian Skin®. Pack size: 30GM.",in stock,new,2450.00 INR,https://www.indianskinstore.com/product/vasuki-facial-gel-serum,https://indianskinco.github.io/iss-catalog-images/p/25366809.jpg,"Entod Pharmaceuticals Ltd.,",Health & Beauty > Personal Care > Cosmetics > Skin Care > Anti-Aging Skin Care Kits,
28785025,Vc White Facewash,"Vc White Facewash by Atopic Laboratories Pvt.Ltd.,. Cleansers product available at Indian Skin Store, the dermatologist-run skincare pharmacy by Indian Skin®. Pack size: 60GM.",in stock,new,285.00 INR,https://www.indianskinstore.com/product/vc-white-facewash,https://indianskinco.github.io/iss-catalog-images/p/28785025.jpg,"Atopic Laboratories Pvt.Ltd.,",Health & Beauty > Personal Care > Cosmetics > Skin Care > Face Wash,
19312670,Venusia Acne Lotion 75ML,"Venusia Acne Lotion 75ML by Dr Reddy'S. Moisturizers product available at Indian Skin Store, the dermatologist-run skincare pharmacy by Indian Skin®. Pack size: 75GM.",in stock,new,525.00 INR,https://www.indianskinstore.com/product/venusia-acne-lotion-75ml,https://indianskinco.github.io/iss-catalog-images/p/19312670.jpg,Dr Reddy'S,Health & Beauty > Personal Care > Cosmetics > Skin Care > Lotion & Moisturizer,
29448011,Venusia Acne Moist Gel,"Venusia Acne Moist Gel by Dr.Reddy. Moisturizers product available at Indian Skin Store, the dermatologist-run skincare pharmacy by Indian Skin®. Pack size: 60GM.",in stock,new,636.00 INR,https://www.indianskinstore.com/product/venusia-acne-moist-gel,https://indianskinco.github.io/iss-catalog-images/p/29448011.jpg,Dr.Reddy,Health & Beauty > Personal Care > Cosmetics > Skin Care > Lotion & Moisturizer,
29084007,Venusia Cleanser,"Venusia Cleanser by Dr Reddy'S. Cleansers product available at Indian Skin Store, the dermatologist-run skincare pharmacy by Indian Skin®. Pack size: 125ML.",in stock,new,460.00 INR,https://www.indianskinstore.com/product/venusia-cleanser,https://indianskinco.github.io/iss-catalog-images/p/29084007.jpg,Dr Reddy'S,Health & Beauty > Personal Care > Cosmetics > Skin Care > Face Wash,
19312672,Venusia Sun Aqua 50G,"Venusia Sun Aqua 50G by Dr Reddy Laboratories. Sun Protection product available at Indian Skin Store, the dermatologist-run skincare pharmacy by Indian Skin®. Pack size: 0.",in stock,new,995.00 INR,https://www.indianskinstore.com/product/venusia-sun-aqua-50g,https://indianskinco.github.io/iss-catalog-images/p/19312672.jpg,Dr Reddy Laboratories,Health & Beauty > Personal Care > Cosmetics > Sun Care,
24956715,Z Stick Sunscreen,"Z Stick Sunscreen by Ubik Solutions Pvt. Ltd. Sun Protection product available at Indian Skin Store, the dermatologist-run skincare pharmacy by Indian Skin®. Pack size: 20G.",in stock,new,850.00 INR,https://www.indianskinstore.com/product/z-stick-sunscreen,https://indianskinco.github.io/iss-catalog-images/p/24956715.jpg,Ubik Solutions Pvt. Ltd,Health & Beauty > Personal Care > Cosmetics > Sun Care,
